"Astronaut/timeInSpace",""
"Automobile/fuelCapacity",""
"Automobile/wheelbase",""
"Building/floorArea",""
"Canal/maximumBoatBeam",""
"Canal/maximumBoatLength",""
"Canal/originalMaximumBoatBeam",""
"Canal/originalMaximumBoatLength",""
"ChemicalSubstance/boilingPoint",""
"ChemicalSubstance/density",""
"ChemicalSubstance/meltingPoint",""
"ConveyorSystem/diameter",""
"ConveyorSystem/height",""
"ConveyorSystem/length",""
"ConveyorSystem/mass",""
"ConveyorSystem/weight",""
"ConveyorSystem/width",""
"Drug/boilingPoint",""
"Drug/meltingPoint",""
"Engine/acceleration",""
"Engine/co2Emission",""
"Engine/cylinderBore",""
"Engine/diameter",""
"Engine/displacement",""
"Engine/height",""
"Engine/length",""
"Engine/pistonStroke",""
"Engine/powerOutput",""
"Engine/topSpeed",""
"Engine/torqueOutput",""
"Engine/weight",""
"Engine/width",""
"Escalator/diameter",""
"Escalator/height",""
"Escalator/length",""
"Escalator/mass",""
"Escalator/weight",""
"Escalator/width",""
"Galaxy/apoapsis",""
"Galaxy/averageSpeed",""
"Galaxy/density",""
"Galaxy/mass",""
"Galaxy/maximumTemperature",""
"Galaxy/meanRadius",""
"Galaxy/meanTemperature",""
"Galaxy/minimumTemperature",""
"Galaxy/orbitalPeriod",""
"Galaxy/periapsis",""
"Galaxy/surfaceArea",""
"Galaxy/temperature",""
"Galaxy/volume",""
"GeopoliticalOrganisation/areaMetro",""
"GeopoliticalOrganisation/populationDensity",""
"GrandPrix/course",""
"GrandPrix/distance",""
"Infrastructure/length",""
"Lake/areaOfCatchment",""
"Lake/shoreLength",""
"Lake/volume",""
"LunarCrater/diameter",""
"MeanOfTransportation/diameter",""
"MeanOfTransportation/height",""
"MeanOfTransportation/length",""
"MeanOfTransportation/mass",""
"MeanOfTransportation/weight",""
"MeanOfTransportation/width",""
"MovingWalkway/diameter",""
"MovingWalkway/height",""
"MovingWalkway/length",""
"MovingWalkway/mass",""
"MovingWalkway/weight",""
"MovingWalkway/width",""
"On-SiteTransportation/diameter",""
"On-SiteTransportation/height",""
"On-SiteTransportation/length",""
"On-SiteTransportation/mass",""
"On-SiteTransportation/weight",""
"On-SiteTransportation/width",""
"Person/height",""
"Person/weight",""
"Planet/apoapsis",""
"Planet/averageSpeed",""
"Planet/density",""
"Planet/mass",""
"Planet/maximumTemperature",""
"Planet/meanRadius",""
"Planet/meanTemperature",""
"Planet/minimumTemperature",""
"Planet/orbitalPeriod",""
"Planet/periapsis",""
"Planet/surfaceArea",""
"Planet/temperature",""
"Planet/volume",""
"PopulatedPlace/area",""
"PopulatedPlace/areaMetro",""
"PopulatedPlace/areaTotal",""
"PopulatedPlace/areaUrban",""
"PopulatedPlace/populationDensity",""
"PopulatedPlace/populationMetroDensity",""
"PopulatedPlace/populationUrbanDensity",""
"Rocket/lowerEarthOrbitPayload",""
"Rocket/mass",""
"School/campusSize",""
"Software/fileSize",""
"SpaceMission/cmpEvaDuration",""
"SpaceMission/distanceTraveled",""
"SpaceMission/lunarEvaTime",""
"SpaceMission/lunarOrbitTime",""
"SpaceMission/lunarSampleMass",""
"SpaceMission/lunarSurfaceTime",""
"SpaceMission/mass",""
"SpaceMission/missionDuration",""
"SpaceMission/stationEvaDuration",""
"SpaceMission/stationVisitDuration",""
"SpaceShuttle/distance",""
"SpaceShuttle/timeInSpace",""
"SpaceStation/volume",""
"Spacecraft/apoapsis",""
"Spacecraft/cargoFuel",""
"Spacecraft/cargoGas",""
"Spacecraft/cargoWater",""
"Spacecraft/dockedTime",""
"Spacecraft/dryCargo",""
"Spacecraft/freeFlightTime",""
"Spacecraft/periapsis",""
"Spacecraft/totalCargo",""
"Spacecraft/totalMass",""
"Stream/discharge",""
"Stream/dischargeAverage",""
"Stream/maximumDischarge",""
"Stream/minimumDischarge",""
"Stream/watershed",""
"Weapon/diameter",""
"Weapon/height",""
"Weapon/length",""
"Weapon/weight",""
"Weapon/width",""
"Work/runtime",""
"aSide",""
"abbeychurchBlessing",""
"abbeychurchBlessingCharge",""
"abbreviation",""
"ableToGrind",""
"absoluteMagnitude",""
"abstentions",""
"abstract",""
"academicAdvisor",""
"academicDiscipline",""
"academyAward",""
"acceleration",""
"access",""
"accessDate",""
"achievement",""
"acquirementDate",""
"actScore",""
"actingHeadteacher",""
"activeYears",""
"activeYearsEndDate",""
"activeYearsEndDateMgr",""
"activeYearsEndYear",""
"activeYearsEndYearMgr",""
"activeYearsStartDate",""
"activeYearsStartDateMgr",""
"activeYearsStartYear",""
"activeYearsStartYearMgr",""
"activity",""
"added",""
"address",""
"addressInRoad",""
"adjacentSettlement",""
"administrativeCenter",""
"administrativeCollectivity",""
"administrativeDistrict",""
"administrativeHeadCity",""
"administrativeStatus",""
"administrator",""
"afdbId",""
"affair",""
"affiliate",""
"affiliation",""
"afiAward",""
"age",""
"ageRange",""
"agency",""
"agencyStationCode",""
"agglomeration",""
"agglomerationArea",""
"agglomerationDemographics",""
"agglomerationPopulation",""
"agglomerationPopulationTotal",""
"agglomerationPopulationYear",""
"aggregation",""
"airDate",""
"aircraftAttack",""
"aircraftBomber",""
"aircraftElectronic",""
"aircraftFighter",""
"aircraftHelicopter",""
"aircraftHelicopterAttack",""
"aircraftHelicopterCargo",""
"aircraftHelicopterMultirole",""
"aircraftHelicopterObservation",""
"aircraftHelicopterTransport",""
"aircraftHelicopterUtility",""
"aircraftInterceptor",""
"aircraftPatrol",""
"aircraftRecon",""
"aircraftTrainer",""
"aircraftTransport",""
"aircraftType",""
"aircraftUser",""
"airportUsing",""
"aitaCode",""
"albedo",""
"album",""
"albumRuntime","duration filmRuntime runtime"
"alias",""
"allcinemaId",""
"allegiance",""
"alliance",""
"almaMater","education"
"alongside",""
"alpsGroup",""
"alpsMainPart",""
"alpsMajorSector",""
"alpsSection",""
"alpsSoiusaCode",""
"alpsSubgroup",""
"alpsSubsection",""
"alpsSupergroup",""
"alternativeName",""
"alternativeTitle",""
"altitude",""
"alumni",""
"amateurDefeat",""
"amateurFight",""
"amateurKo",""
"amateurNoContest",""
"amateurTeam",""
"amateurTie",""
"amateurTitle",""
"amateurVictory",""
"amateurYear",""
"americanComedyAward",""
"amgid",""
"amsterdamCode",""
"analogChannel",""
"animal",""
"animator",""
"anniversary",""
"announcedFrom",""
"annualTemperature",""
"anthem",""
"apcPresident",""
"apoapsis",""
"apofocus",""
"apparentMagnitude",""
"appearancesInLeague",""
"appearancesInNationalTeam",""
"appointer",""
"approach",""
"approvedByLowerParliament",""
"approvedByUpperParliament",""
"approximateCalories",""
"apskritis",""
"archipelago",""
"architect",""
"architectualBureau",""
"architecturalMovement",""
"architecturalStyle",""
"area","landArea waterArea"
"areaCode",""
"areaDate",""
"areaLand",""
"areaMetro",""
"areaOfCatchment",""
"areaOfCatchmentQuote",""
"areaOfSearch",""
"areaQuote",""
"areaRank",""
"areaRural",""
"areaTotal",""
"areaTotalRanking",""
"areaUrban",""
"areaWater",""
"argueDate",""
"arielAward",""
"arm",""
"army",""
"arrestDate",""
"arrondissement",""
"artPatron",""
"artery",""
"artificialSnowArea",""
"artist","musicalArtist"
"artisticFunction",""
"asWikiText",""
"ascent",""
"asiaChampionship",""
"aspectRatio",""
"assembly",""
"assetUnderManagement",""
"assets",""
"assistantPrincipal",""
"associate",""
"associateEditor",""
"associateStar",""
"associatedAct",""
"associatedBand",""
"associatedMusicalArtist",""
"associatedRocket",""
"associationOfLocalGovernment",""
"astrologicalSign",""
"atPage",""
"atRowNumber",""
"atcPrefix",""
"atcSuffix",""
"atcSupplemental",""
"athletics",""
"athleticsDiscipline",""
"atomicNumber",""
"attorneyGeneral",""
"australiaOpenDouble",""
"australiaOpenMixed",""
"australiaOpenSingle",""
"author",""
"authority",""
"authorityMandate",""
"authorityTitle",""
"automobileModel",""
"automobilePlatform",""
"autonomy",""
"availableSmartCard",""
"average",""
"averageAnnualGeneration",""
"averageClassSize",""
"averageDepth",""
"averageDepthQuote",""
"averageSpeed",""
"avifaunaPopulation",""
"award",""
"awardName",""
"awayColourHexCode",""
"bSide",""
"background",""
"backhand",""
"badGuy",""
"baftaAward",""
"band",""
"bandMember",""
"barPassRate",""
"barangays",""
"basedOn",""
"battingSide",""
"battle",""
"battleHonours",""
"beatifiedBy",""
"beatifiedDate",""
"beatifiedPlace",""
"bedCount",""
"believers",""
"beltwayCity",""
"bestFinish",""
"bestLap",""
"bestRankDouble",""
"bestRankSingle",""
"bestWsopRank",""
"bestYearWsop",""
"bgafdId",""
"bibsysId",""
"bicycleInformation",""
"bigPoolRecord",""
"biggestCity",""
"billed",""
"binomial",""
"binomialAuthority",""
"bioavailability",""
"bioclimate",""
"biome",""
"bird",""
"birthDate","birthYear"
"birthName",""
"birthPlace",""
"birthSign",""
"birthYear","birthDate"
"bishopric",""
"blackLongDistancePisteNumber",""
"blackSkiPisteNumber",""
"blazon",""
"blazonCaption",""
"blazonLink",""
"blazonRatio",""
"block",""
"blockAlloy",""
"bloodGroup",""
"bloodType",""
"blueLongDistancePisteNumber",""
"blueSkiPisteNumber",""
"bnfId",""
"board",""
"bodyDiscovered",""
"bodyStyle",""
"boiler",""
"boilerPressure",""
"boilingPoint",""
"book",""
"booster",""
"border",""
"borough",""
"bourgmestre",""
"bowlRecord",""
"boxerCategory",""
"boxerStyle",""
"bpnId",""
"brainInfoNumber",""
"brainInfoType",""
"branchFrom",""
"branchTo",""
"brand",""
"breeder",""
"bridgeCarries",""
"britishComedyAwards",""
"britishOpen",""
"britishWins",""
"broadcastArea",""
"broadcastNetwork",""
"broadcastRepeater",""
"broadcastStationClass",""
"broadcastTranslator",""
"bronzeMedalDouble",""
"bronzeMedalMixed",""
"bronzeMedalSingle",""
"bronzeMedalist",""
"budget",""
"budgetYear",""
"builder","manufacturer"
"building",""
"buildingEndDate",""
"buildingEndYear",""
"buildingStartDate",""
"buildingStartYear",""
"buildingType",""
"bustSize",""
"bustWaistHipSize",""
"cableCar",""
"calculationNeeds",""
"callSign",""
"callsignMeaning",""
"campus",""
"campusSize",""
"campusType",""
"canBaggageChecked",""
"cannonNumber",""
"canonizedBy",""
"canonizedDate",""
"canonizedPlace",""
"canton",""
"capacity",""
"capacityFactor",""
"capital",""
"capitalCoordinates",""
"capitalCountry",""
"capitalDistrict",""
"capitalElevation",""
"capitalMountain",""
"capitalPlace",""
"capitalPosition",""
"capitalRegion",""
"captureDate",""
"carNumber",""
"carbohydrate",""
"carcinogen",""
"careerPoints",""
"careerPrizeMoney",""
"careerStation",""
"cargoFuel",""
"cargoGas",""
"cargoWater",""
"casNumber",""
"casSupplemental",""
"case",""
"casualties",""
"catch",""
"category",""
"caterer",""
"catholicPercentage",""
"causalties",""
"causeOfDeath","deathCause"
"causedBy",""
"ccaState",""
"ceeb",""
"ceiling",""
"cemetery",""
"censusYear",""
"center",""
"centuryBreaks",""
"ceo",""
"ceremonialCounty",""
"certification",""
"certificationDate",""
"cesarAward",""
"chEBI",""
"chain",""
"chairLabel",""
"chairman",""
"chairmanTitle",""
"chairperson",""
"champion",""
"championInDouble",""
"championInDoubleFemale",""
"championInDoubleMale",""
"championInMixedDouble",""
"championInSingle",""
"championInSingleFemale",""
"championInSingleMale",""
"championships",""
"chancellor",""
"channel",""
"chaplain",""
"characterInPlay",""
"chef",""
"chiefEditor",""
"chiefPlace",""
"child",""
"childOrganisation",""
"choreographer",""
"chorusCharacterInPlay",""
"christeningDate",""
"chromosome",""
"cinematography",""
"circle",""
"circuitLength",""
"circuitName",""
"circulation",""
"circumcised",""
"cites",""
"citizenship",""
"city","county district locatedInArea province settlement"
"cityLink",""
"cityRank",""
"citySince",""
"cityType",""
"class",""
"classes",""
"classification",""
"classis",""
"climate",""
"climbUpNumber",""
"closeTo",""
"closed",""
"closingDate",""
"closingFilm",""
"closingYear",""
"clothSize",""
"clothingSize",""
"club","team"
"clubsRecordGoalscorer",""
"cluster",""
"cmpEvaDuration",""
"cmykCoordinateBlack",""
"cmykCoordinateCyanic",""
"cmykCoordinateMagenta",""
"cmykCoordinateYellow",""
"co2Emission",""
"coExecutiveProducer",""
"coProducer",""
"coach",""
"coachClub",""
"coachSeason",""
"coachedTeam",""
"coachingRecord",""
"coalition",""
"coastLength",""
"coastLine",""
"coatOfArms",""
"code",""
"codeBook",""
"codeDistrict",""
"codeIndex",""
"codeLandRegistry",""
"codeListOfHonour",""
"codeMemorial",""
"codeMunicipalMonument",""
"codeNationalMonument",""
"codeProvincialMonument",""
"codeSettlement",""
"codeStockExchange",""
"coden",""
"coemperor",""
"collaboration",""
"colleague",""
"collection",""
"collectionSize",""
"collectivityMinority",""
"college",""
"collegeHof",""
"colonialName",""
"colorChart",""
"colour",""
"colourHexCode",""
"colourName",""
"combatant",""
"comic",""
"comitat",""
"command",""
"commandModule",""
"commandStructure",""
"commandant",""
"commander",""
"comment",""
"commissioner",""
"commissionerDate",""
"commissioningDate",""
"committee",""
"committeeInLegislature",""
"commonName",""
"commune",""
"communityIsoCode",""
"company",""
"comparable",""
"competition",""
"competitionTitle",""
"compiler",""
"completionDate",""
"complexion",""
"complexity",""
"component",""
"composer","musicBy"
"compressionRatio",""
"computingInput",""
"computingMedia",""
"computingPlatform",""
"configuration",""
"conflict",""
"congressionalDistrict",""
"connectsReferencedTo",""
"connotation",""
"consecration",""
"conservationStatus",""
"conservationStatusSystem",""
"constellation",""
"construction",""
"constructionMaterial",""
"contest",""
"continent",""
"continentRank",""
"continentalTournament",""
"continentalTournamentBronze",""
"continentalTournamentGold",""
"continentalTournamentSilver",""
"contractAward",""
"contractor",""
"convictionDate",""
"coolingSystem",""
"copilote",""
"coronationDate",""
"cosparId",""
"cost",""
"costumeDesigner",""
"council",""
"councilArea",""
"country",""
"countryOrigin",""
"countryRank",""
"countryWithFirstAstronaut",""
"countryWithFirstSatellite",""
"countryWithFirstSatelliteLaunched",""
"countryWithFirstSpaceflight",""
"county","city district locatedInArea province settlement"
"countySeat",""
"course",""
"cousurper",""
"coverArtist",""
"cpu",""
"created",""
"creationChristianBishop",""
"creationYear",""
"creativeDirector",""
"creator",""
"creatorOfDish",""
"credit",""
"crest",""
"crew",""
"crewMember",""
"crewSize",""
"crews",""
"criteria",""
"crosses",""
"crownDependency",""
"cuisine",""
"cultivatedVariety",""
"curator",""
"currency",""
"currencyCode",""
"currentCity",""
"currentLeague",""
"currentMember",""
"currentPartner",""
"currentProduction",""
"currentRank",""
"currentRecord",""
"currentSeason",""
"currentStatus",""
"currentTeam",""
"currentTeamManager",""
"currentTeamMember",""
"currentWorldChampion",""
"currentlyUsedFor",""
"custodian",""
"cyclistGenre",""
"cylinderBore",""
"cylinderCount",""
"daira",""
"dam",""
"damage",""
"damsire",""
"danseCompetition",""
"danseScore",""
"date",""
"dateAct",""
"dateAgreement",""
"dateBudget",""
"dateClosed",""
"dateCompleted",""
"dateConstruction",""
"dateExtended",""
"dateLastUpdated",""
"dateOfAbandonment",""
"dateOfBurial",""
"dateUnveiled",""
"dateUse",""
"davisCup",""
"day",""
"daylightSavingTimeZone",""
"dbnlCodeDutch",""
"dcc",""
"deFactoLanguage","jureLanguage language"
"deadInFightDate",""
"deadInFightPlace",""
"dean",""
"deanery",""
"deathAge",""
"deathCause","causeOfDeath"
"deathDate","restingDate"
"deathPlace",""
"deathYear",""
"debut",""
"debutTeam",""
"debutWork",""
"dec",""
"decay",""
"decideDate",""
"declination",""
"decommissioningDate",""
"decoration",""
"defeat",""
"defeatAsMgr",""
"definition",""
"delegateMayor",""
"delegation",""
"deliveryDate",""
"deme",""
"demographics",""
"demographicsAsOf",""
"demolitionDate",""
"demolitionYear",""
"demonym",""
"denomination",""
"density",""
"department",""
"departmentCode",""
"departmentPosition",""
"depictionDescription",""
"depth",""
"depthQuote",""
"depths",""
"deputy",""
"derivative",""
"derivedWord",""
"description",""
"designCompany",""
"designer",""
"destination",""
"destructionDate",""
"detectionMethod",""
"detractor",""
"developer",""
"dfE",""
"diameter",""
"different",""
"digitalChannel",""
"digitalSubChannel",""
"diocese",""
"diploma",""
"director",""
"disappearanceDate",""
"disbanded",""
"discharge",""
"dischargeAverage",""
"disciple",""
"discipline",""
"discontinued",""
"discovered",""
"discoverer",""
"discovery",""
"diseasesDb",""
"displacement",""
"dissolutionDate",""
"dissolutionYear",""
"dissolved",""
"dist_ly",""
"dist_pc",""
"distance",""
"distanceLaps",""
"distanceToBelfast",""
"distanceToCapital",""
"distanceToCardiff",""
"distanceToCharingCross",""
"distanceToDouglas",""
"distanceToDublin",""
"distanceToEdinburgh",""
"distanceToLondon",""
"distanceToNearestCity",""
"distanceTraveled",""
"distributingCompany",""
"distributingLabel",""
"distributor",""
"district","city county locatedInArea province settlement"
"division",""
"dockedTime",""
"doctoralAdvisor",""
"doctoralStudent",""
"documentDesignation",""
"documentNumber",""
"domain",""
"dorlandsPrefix",""
"dorlandsSuffix",""
"draft",""
"draftLeague",""
"draftPick",""
"draftPosition",""
"draftRound",""
"draftTeam",""
"draftYear",""
"drainsFrom",""
"drainsTo",""
"drama",""
"dressCode",""
"drugbank",""
"dryCargo",""
"dubber",""
"duration","albumRuntime filmRuntime runtime"
"dutchArtworkCode",""
"dutchCOROPCode",""
"dutchMIPCode",""
"dutchNAIdentifier",""
"dutchPPNCode",""
"dutchRKDCode",""
"dutchWinkelID",""
"dynasty",""
"eMedicineSubject",""
"eMedicineTopic",""
"eTeatrId",""
"eastPlace",""
"ecNumber",""
"editing",""
"editor",""
"editorTitle",""
"education","almaMater"
"educationPlace",""
"educationSystem",""
"effectiveRadiatedPower",""
"egafdId",""
"einecsNumber",""
"ekatteCode",""
"electionDate",""
"electionDateLeader",""
"electionMajority",""
"elementAbove",""
"elementBlock",""
"elementGroup",""
"elementPeriod",""
"elevation",""
"elevationQuote",""
"elevatorCount",""
"elo",""
"eloRecord",""
"emblem",""
"emmyAward",""
"employer",""
"employersCelebration",""
"endCareer",""
"endDate",""
"endDateTime",""
"endOccupation",""
"endPoint",""
"endReign",""
"endYear",""
"endYearOfInsertion",""
"endYearOfSales",""
"endangeredSince",""
"endingTheme",""
"endowment",""
"enemy",""
"engine",""
"enginePower",""
"engineType",""
"engineer",""
"ensembl",""
"enshrinedDeity",""
"entourage",""
"entrezgene",""
"eparchy",""
"episode",""
"episodeNumber",""
"epoch",""
"eptFinalTable",""
"eptItm",""
"eptTitle",""
"equipment",""
"equity",""
"era",""
"eruption",""
"eruptionYear",""
"escalafon",""
"escapeVelocity",""
"espnId",""
"established",""
"establishment",""
"ethnicGroup",""
"ethnicGroupsInYear",""
"ethnicity",""
"eurobabeIndexId",""
"europeanAffiliation",""
"europeanChampionship",""
"europeanParliamentGroup",""
"europeanUnionEntranceDate",""
"event",""
"eventDate",""
"eventDescription",""
"executiveHeadteacher",""
"executiveProducer",""
"exhibition",""
"existence",""
"expedition",""
"explorer",""
"externalOrnament",""
"extinctionDate",""
"extinctionYear",""
"eyeColor",""
"eyeColour",""
"eyes",""
"faaLocationIdentifier",""
"facilityId",""
"facultySize",""
"failedLaunches",""
"family",""
"familyMember",""
"fansgroup",""
"fareZone",""
"fastestDriver",""
"fastestDriverCountry",""
"fastestDriverTeam",""
"fastestLap",""
"fat",""
"fate",""
"father",""
"fauna",""
"fc",""
"fcRuns",""
"fdaUniiCode",""
"feastDay",""
"feat",""
"feature",""
"features",""
"fedCup",""
"federalState",""
"federation",""
"fees",""
"fibahof",""
"field",""
"fight",""
"fighter",""
"fileExtension",""
"fileSize",""
"fileURL",""
"filename",""
"fillingStation",""
"film",""
"filmAudioType",""
"filmColourType",""
"filmFareAward",""
"filmNumber",""
"filmPolskiId",""
"filmRuntime","albumRuntime duration runtime"
"filmVersion",""
"finalFlight",""
"finalLost",""
"finalLostDouble",""
"finalLostSingle",""
"finalLostTeam",""
"finalPublicationDate",""
"finalPublicationYear",""
"fipsCode",""
"firstAirDate",""
"firstAppearance",""
"firstAscent",""
"firstAscentPerson",""
"firstAscentYear",""
"firstBroadcast",""
"firstDriver",""
"firstDriverCountry",""
"firstDriverTeam",""
"firstFlight",""
"firstFlightEndDate",""
"firstFlightStartDate",""
"firstGame",""
"firstLaunch",""
"firstLaunchDate",""
"firstLaunchRocket",""
"firstLeader",""
"firstMention",""
"firstOlympicEvent",""
"firstOwner",""
"firstPlace",""
"firstPopularVote",""
"firstProMatch",""
"firstPublicationDate",""
"firstPublicationYear",""
"firstPublisher",""
"firstRace",""
"firstWin",""
"firstWinner",""
"flag",""
"flagBearer",""
"flagBorder",""
"flagCaption",""
"flagLink",""
"flagSize",""
"flashPoint",""
"floodingDate",""
"floorArea",""
"floorCount",""
"flora",""
"flower",""
"flyingHours",""
"foalDate",""
"followedBy",""
"followingEvent",""
"follows",""
"foot",""
"footedness",""
"forces",""
"foresterDistrict",""
"format",""
"formationDate","foundingDate"
"formationYear",""
"formerBandMember",""
"formerBroadcastNetwork",""
"formerCallsign",""
"formerChannel",""
"formerChoreographer",""
"formerCoach",""
"formerHighschool",""
"formerName",""
"formerPartner",""
"formerTeam",""
"formula",""
"fossil",""
"foundation",""
"foundationPlace",""
"foundedBy","founder"
"founder","foundedBy"
"foundingDate","formationDate"
"foundingYear",""
"fourthCommander",""
"frazioni",""
"free",""
"freeDanseScore",""
"freeFlightTime",""
"freeLabel",""
"freeProgCompetition",""
"freeProgScore",""
"freeScoreCompetition",""
"frequency",""
"frequencyOfPublication",""
"frequentlyUpdated",""
"friend",""
"frontierLength",""
"frozen",""
"fuel",""
"fuelCapacity",""
"fuelConsumption",""
"fuelSystem",""
"fuelType",""
"fuelTypeName",""
"fullCompetition",""
"fullScore",""
"functionEndDate",""
"functionEndYear",""
"functionStartDate",""
"functionStartYear",""
"fundedBy",""
"galicianSpeakersDate",""
"galicianSpeakersPercentage",""
"galleryItem",""
"gameArtist",""
"gameEngine",""
"gameModus",""
"games",""
"garrison",""
"gasChambers",""
"gaudiAward",""
"geminiAward",""
"gender",""
"geneLocation",""
"geneLocationEnd",""
"geneLocationStart",""
"geneReviewsId",""
"geneReviewsName",""
"generalCouncil",""
"generalManager",""
"generationUnits",""
"genomeDB",""
"genre",""
"genus",""
"geolocDepartment",""
"geolocDual",""
"geologicPeriod",""
"geology",""
"giniCoefficient",""
"giniCoefficientAsOf",""
"giniCoefficientCategory",""
"giniCoefficientRanking",""
"glycemicIndex",""
"gnisCode",""
"gnl",""
"goalsInLeague",""
"goalsInNationalTeam",""
"goldMedalDouble",""
"goldMedalMixed",""
"goldMedalSingle",""
"goldMedalist",""
"goldenCalfAward",""
"goldenGlobeAward",""
"goldenRaspberryAward",""
"governingBody",""
"government",""
"governmentCountry",""
"governmentElevation",""
"governmentMountain",""
"governmentPlace",""
"governmentPosition",""
"governmentRegion",""
"governmentType",""
"governor",""
"governorGeneral",""
"governorate",""
"goyaAward",""
"grades",""
"grammyAward",""
"grandsire",""
"grave",""
"grayPage",""
"graySubject",""
"greekName",""
"greenLongDistancePisteNumber",""
"greenSkiPisteNumber",""
"gridReference",""
"grindingCapability",""
"gross",""
"grossDomesticProduct",""
"grossDomesticProductAsOf",""
"grossDomesticProductNominalPerCapita",""
"grossDomesticProductPerPeople",""
"grossDomesticProductPurchasingPowerParityPerCapita",""
"grossDomesticProductRank",""
"ground",""
"groundsForLiquidation",""
"groupCommemorated",""
"growingGrape",""
"guest",""
"gun",""
"gymApparatus",""
"hairColor",""
"hairColour",""
"hairs",""
"hallOfFame",""
"hand",""
"handedness",""
"handisport",""
"hasAbsorbedMunicipality",""
"hasAnnotation",""
"hasChannel",""
"hasInput",""
"hasInsidePlace",""
"hasJunctionWith",""
"hasKMLData",""
"hasNaturalBust",""
"hasOutsidePlace",""
"hasSurfaceForm",""
"hasVariant",""
"head",""
"headAlloy",""
"headChef",""
"headLabel",""
"headOfFamily",""
"headquarter",""
"headteacher",""
"height",""
"heightAboveAverageTerrain",""
"heightAgainst",""
"heightAttack",""
"heir",""
"heisman",""
"heritageRegister",""
"hgncid",""
"highestBreak",""
"highestBuildingInYear",""
"highestMountain",""
"highestPlace",""
"highestPoint",""
"highestPointIsland",""
"highestPosition",""
"highestRank",""
"highestRegion",""
"highestState",""
"highschool",""
"highwaySystem",""
"hipSize",""
"historicalMap",""
"historicalName",""
"historicalRegion",""
"hof",""
"homage",""
"homeArena",""
"homeColourHexCode",""
"homeStadium",""
"homeport",""
"hometown",""
"honours",""
"hopmanCup",""
"horseRidingDiscipline",""
"house",""
"hraState",""
"hsvCoordinateHue",""
"hsvCoordinateSaturation",""
"hsvCoordinateValue",""
"hubAirport",""
"humanDevelopmentIndex",""
"humanDevelopmentIndexAsOf",""
"humanDevelopmentIndexRank",""
"humanDevelopmentIndexRankingCategory",""
"hybrid",""
"iafdId",""
"iataAirlineCode",""
"iataLocationIdentifier",""
"ibdbId",""
"icaoAirlineCode",""
"icaoLocationIdentifier",""
"icd1",""
"icd10",""
"icd9",""
"icdo",""
"iconographicAttributes",""
"id",""
"idAllocine",""
"idNumber",""
"identificationSymbol",""
"ideology",""
"iftaAward",""
"iihfHof",""
"illiteracy",""
"illustrator",""
"imageSize",""
"imdbId",""
"impactFactor",""
"impactFactorAsOf",""
"imposedDanseCompetition",""
"imposedDanseScore",""
"inCemetery",""
"inchi",""
"inclination",""
"income",""
"incumbent",""
"individualisedGnd",""
"individualisedPnd",""
"industry",""
"infantMortality",""
"inflow",""
"influenced",""
"influencedBy",""
"information",""
"informationName",""
"ingredient",""
"ingredientName",""
"initiallyUsedFor",""
"inn",""
"innervates",""
"inscription",""
"inseeCode",""
"installedCapacity",""
"institution",""
"instrument",""
"intercommunality",""
"interest",""
"internationalAffiliation",""
"internationalPhonePrefix",""
"internationalPhonePrefixLabel",""
"internationally",""
"introduced",""
"introductionDate",""
"iobdbId",""
"isCityState",""
"isHandicappedAccessible",""
"isPartOf",""
"isPartOfAnatomicalStructure",""
"isPartOfMilitaryConflict",""
"isPartOfName",""
"isPartOfWineRegion",""
"isPeerReviewed",""
"isRouteStop",""
"isbn",""
"isil",""
"island",""
"isniId",""
"iso31661Code",""
"iso6391Code",""
"iso6392Code",""
"iso6393Code",""
"isoCode",""
"isoCodeRegion",""
"issDockings",""
"issn",""
"ist",""
"istat",""
"ithfDate",""
"iucnCategory",""
"iupacName",""
"jockey",""
"jointCommunity",""
"jstor",""
"judge",""
"juniorSeason",""
"juniorTeam",""
"juniorYearsEndYear",""
"juniorYearsStartYear",""
"jureLanguage","deFactoLanguage language"
"jurisdiction",""
"jutsu",""
"keyPerson",""
"khlDraft",""
"khlDraftTeam",""
"khlDraftYear",""
"killedBy",""
"kinOfLanguage",""
"kindOfCoordinate",""
"kindOfCriminal",""
"kindOfCriminalAction",""
"kindOfRock",""
"kingdom",""
"knownFor",""
"ko",""
"lahHof",""
"lake",""
"land",""
"landArea","area waterArea"
"landPercentage",""
"landRegistryCode",""
"landeshauptmann",""
"landingDate",""
"landingSite",""
"landingVehicle",""
"landskap",""
"landtag",""
"landtagMandate",""
"language","deFactoLanguage jureLanguage"
"languageCode",""
"languageFamily",""
"languageRegulator",""
"largestCity",""
"largestMetro",""
"largestSettlement",""
"largestWin",""
"lastAirDate",""
"lastAppearance",""
"lastElectionDate",""
"lastFamilyMember",""
"lastFlight",""
"lastFlightEndDate",""
"lastFlightStartDate",""
"lastLaunch",""
"lastLaunchDate",""
"lastLaunchRocket",""
"lastPosition",""
"lastProMatch",""
"lastPublicationDate",""
"lastRace",""
"lastSeason",""
"lastWin",""
"laterality",""
"latestElection",""
"latestPreviewDate",""
"latestPreviewVersion",""
"latestReleaseDate",""
"latestReleaseVersion",""
"latinName",""
"launch",""
"launchDate",""
"launchPad",""
"launchSite",""
"launchVehicle",""
"launches",""
"laurenceOlivierAward",""
"lawCountry",""
"layingDown",""
"layout",""
"lcc",""
"lccn",""
"lccnId",""
"lchfDraft",""
"lchfDraftTeam",""
"lchfDraftYear",""
"leadTeam",""
"leadYear",""
"leader",""
"leaderFunction",""
"leaderName",""
"leaderParty",""
"leaderTitle",""
"leadership",""
"league",""
"leagueManager",""
"leftChild",""
"leftTributary",""
"legalArrondissement",""
"legalArticle",""
"legalForm",""
"legislativePeriodName",""
"length",""
"lengthQuote",""
"lengthReference",""
"lethalOnChickens",""
"lethalOnMice",""
"lethalOnRabbits",""
"lethalOnRats",""
"liberationDate",""
"libretto",""
"licenceLetter",""
"licenceNumber",""
"licenceNumberLabel",""
"license",""
"licensee",""
"lieutenancy",""
"lieutenancyArea",""
"lieutenant",""
"lifeExpectancy",""
"limit",""
"lineLength",""
"linguisticsTradition",""
"linkedSpace",""
"linkedTo",""
"listItemOf",""
"literaryGenre",""
"littlePoolRecord",""
"livingPlace",""
"loadLimit",""
"localAuthority",""
"localPhonePrefix",""
"locality",""
"localization",""
"localizationThumbnail",""
"localizationThumbnailCaption",""
"locatedInArea","city county district province settlement"
"location",""
"locationCity",""
"locationCountry",""
"locationIdentifier",""
"locationName",""
"locomotive",""
"locusSupplementaryData",""
"logo",""
"longDistancePisteKilometre",""
"longDistancePisteNumber",""
"longName",""
"longtype",""
"lounge",""
"lowerAge",""
"lowerEarthOrbitPayload",""
"lowest",""
"lowestMountain",""
"lowestPlace",""
"lowestPoint",""
"lowestPosition",""
"lowestRegion",""
"lowestState",""
"lunarEvaTime",""
"lunarLandingSite",""
"lunarModule",""
"lunarOrbitTime",""
"lunarRover",""
"lunarSampleMass",""
"lunarSurfaceTime",""
"lymph",""
"lyrics",""
"magazine",""
"maidenFlight",""
"maidenFlightRocket",""
"maidenVoyage",""
"mainBuilding",""
"mainCharacter",""
"mainDomain",""
"mainFamilyBranch",""
"mainInterest",""
"mainIsland",""
"mainIslands",""
"mainOrgan",""
"mainspan",""
"maintainedBy",""
"majorIsland",""
"majorShrine",""
"majorityFloorLeader",""
"majorityLeader",""
"makeupArtist",""
"management",""
"managementCountry",""
"managementElevation",""
"managementMountain",""
"managementPlace",""
"managementPosition",""
"managementRegion",""
"manager",""
"managerClub",""
"managerSeason",""
"managerTitle",""
"managerYears",""
"managerYearsEndYear",""
"managerYearsStartYear",""
"managingEditor",""
"mandate",""
"manufacturer","builder"
"map",""
"mapCaption",""
"mapDescription",""
"march",""
"marketCapitalisation",""
"mascot",""
"mass",""
"massif",""
"mastersWins",""
"matchPoint",""
"material",""
"max",""
"maxAbsoluteMagnitude",""
"maxApparentMagnitude",""
"maxTime",""
"maximumArea",""
"maximumAreaQuote",""
"maximumBoatBeam",""
"maximumBoatLength",""
"maximumDepth",""
"maximumDepthQuote",""
"maximumDischarge",""
"maximumElevation",""
"maximumInclination",""
"maximumTemperature",""
"mayor",""
"mayorArticle",""
"mayorCouncillor",""
"mayorFunction",""
"mayorMandate",""
"mayorTitle",""
"mbaId",""
"meanRadius",""
"meanTemperature",""
"meaning",""
"measurements",""
"medalist",""
"media",""
"mediaItem",""
"mediaType",""
"medlinePlus",""
"meetingBuilding",""
"meetingCity",""
"meetingRoad",""
"meltingPoint",""
"member",""
"memberOfParliament",""
"membership",""
"membershipAsOf",""
"mentor",""
"mergedIntoParty",""
"mergedSettlement",""
"mergerDate",""
"meshId",""
"meshName",""
"meshNumber",""
"messierName",""
"metropolitanBorough",""
"mgiid",""
"militaryBranch",""
"militaryCommand",""
"militaryFunction",""
"militaryGovernment",""
"militaryRank",""
"militaryUnit",""
"militaryUnitSize",""
"millSpan",""
"millType",""
"millsCodeBE",""
"millsCodeDutch",""
"millsCodeNL",""
"millsCodeNLVerdwenen",""
"millsCodeNLWindmotoren",""
"min",""
"minTime",""
"minimumArea",""
"minimumAreaQuote",""
"minimumDischarge",""
"minimumElevation",""
"minimumInclination",""
"minimumTemperature",""
"minority",""
"minorityFloorLeader",""
"minorityLeader",""
"mirDockings",""
"mission",""
"missionDuration",""
"missions",""
"model",""
"modelEndDate",""
"modelEndYear",""
"modelLineVehicle",""
"modelStartDate",""
"modelStartYear",""
"molecularWeight",""
"monarch",""
"month",""
"mood",""
"mostDownPoint",""
"mostWins",""
"mother",""
"motto",""
"mount",""
"mountainRange",""
"mouthCountry",""
"mouthDistrict",""
"mouthElevation",""
"mouthMountain",""
"mouthPlace",""
"mouthPosition",""
"mouthRegion",""
"mouthState",""
"movement",""
"movie",""
"mukhtar",""
"municipality",""
"municipalityAbsorbedBy",""
"municipalityCode",""
"municipalityRenamedTo",""
"municipalityType",""
"museum",""
"museumType",""
"musicBand",""
"musicBy","composer"
"musicComposer",""
"musicFormat",""
"musicFusionGenre",""
"musicSubgenre",""
"musicType",""
"musicalArtist","artist"
"musicalBand",""
"musicalKey",""
"musicians",""
"muteCharacterInPlay",""
"mvp",""
"mythology",""
"naacpImageAward",""
"name",""
"nameAsOf",""
"nameDay",""
"nameInCantoneseChinese",""
"nameInHangulKorean",""
"nameInHanjaKorean",""
"nameInJapanese",""
"nameInMindongyuChinese",""
"nameInMinnanyuChinese",""
"nameInPinyinChinese",""
"nameInSimplifiedChinese",""
"nameInTraditionalChinese",""
"nameInWadeGilesChinese",""
"namedAfter",""
"namedByLanguage",""
"names",""
"narrator",""
"nation",""
"nationalAffiliation",""
"nationalChampionship",""
"nationalFilmAward",""
"nationalOlympicCommittee",""
"nationalRanking",""
"nationalSelection",""
"nationalTeam",""
"nationalTeamMatchPoint",""
"nationalTeamYear",""
"nationalTopographicSystemMapNumber",""
"nationalTournament",""
"nationalTournamentBronze",""
"nationalTournamentGold",""
"nationalTournamentSilver",""
"nationalYears",""
"nationality",""
"ncaaSeason",""
"ncaaTeam",""
"ncbhof",""
"ndlId",""
"nearestCity",""
"neighboringMunicipality",""
"neighbourConstellations",""
"neighbourRegion",""
"neighbourhood",""
"nerve",""
"netIncome",""
"network",""
"networth",""
"newspaper",""
"nextEntity",""
"nextEvent",""
"nextMission",""
"nflCode",""
"nflSeason",""
"nflTeam",""
"ngcName",""
"nisCode",""
"nlaId",""
"nndbId",""
"noContest",""
"nobelLaureates",""
"nominee",""
"nonFictionSubject",""
"nonProfessionalCareer",""
"northEastPlace",""
"northPlace",""
"northWestPlace",""
"notSolubleIn",""
"notableCommander",""
"notableFeatures",""
"notableIdea",""
"notableStudent",""
"notableWine",""
"notableWork",""
"note",""
"noteOnPlaceOfBurial",""
"noteOnRestingPlace",""
"notes",""
"notifyDate",""
"novel",""
"nrhpReferenceNumber",""
"nrhpType",""
"nssdcId",""
"number",""
"numberBuilt",""
"numberOfAcademicStaff",""
"numberOfAlbums",""
"numberOfArrondissement",""
"numberOfBombs",""
"numberOfBronzeMedalsWon",""
"numberOfCanton",""
"numberOfCantons",""
"numberOfCapitalDeputies",""
"numberOfCity",""
"numberOfClassrooms",""
"numberOfClubs",""
"numberOfCollectionItems",""
"numberOfCompetitors",""
"numberOfCounties",""
"numberOfCountries",""
"numberOfCrew",""
"numberOfDeaths",""
"numberOfDependency",""
"numberOfDistrict",""
"numberOfDistricts",""
"numberOfDoctoralStudents",""
"numberOfEmployees",""
"numberOfEntrances",""
"numberOfEpisodes",""
"numberOfFederalDeputies",""
"numberOfFilms",""
"numberOfGoals",""
"numberOfGoldMedalsWon",""
"numberOfGraduateStudents",""
"numberOfGraves",""
"numberOfHoles",""
"numberOfHouses",""
"numberOfIntercommunality",""
"numberOfIsland",""
"numberOfIslands",""
"numberOfLanes",""
"numberOfLaps",""
"numberOfLaunches",""
"numberOfLawyers",""
"numberOfLines",""
"numberOfLiveAlbums",""
"numberOfLocations",""
"numberOfMatches",""
"numberOfMembers",""
"numberOfMembersAsOf",""
"numberOfMinistries",""
"numberOfMunicipalities",""
"numberOfNeighbourhood",""
"numberOfNewlyIntroducedSports",""
"numberOfOffices",""
"numberOfOfficials",""
"numberOfOrbits",""
"numberOfPads",""
"numberOfPages",""
"numberOfParkingSpaces",""
"numberOfParticipatingAthletes",""
"numberOfParticipatingFemaleAthletes",""
"numberOfParticipatingMaleAthletes",""
"numberOfParticipatingNations",""
"numberOfPeopleAttending",""
"numberOfPeopleLicensed",""
"numberOfPiersInWater",""
"numberOfPixels",""
"numberOfPlatformLevels",""
"numberOfPlayers",""
"numberOfPostgraduateStudents",""
"numberOfProfessionals",""
"numberOfReactors",""
"numberOfRestaurants",""
"numberOfRockets",""
"numberOfRooms",""
"numberOfRun",""
"numberOfSeasons",""
"numberOfSeats",""
"numberOfSeatsInParliament",""
"numberOfSettlement",""
"numberOfSilverMedalsWon",""
"numberOfSpans",""
"numberOfSpeakers",""
"numberOfSports",""
"numberOfSportsEvents",""
"numberOfStaff",""
"numberOfStars",""
"numberOfStateDeputies",""
"numberOfStations",""
"numberOfStudents",""
"numberOfStudioAlbums",""
"numberOfSuites",""
"numberOfTeams",""
"numberOfTracks",""
"numberOfTurns",""
"numberOfUndergraduateStudents",""
"numberOfVehicles",""
"numberOfVillages",""
"numberOfVineyards",""
"numberOfVisitors",""
"numberOfVisitorsAsOf",""
"numberOfVolumes",""
"numberOfVolunteers",""
"numberOfWineries",""
"numberSold",""
"nutsCode",""
"observatory",""
"occupation",""
"oclc",""
"offeredClasses",""
"office",""
"officerInCharge",""
"officialLanguage",""
"officialName",""
"officialOpenedBy",""
"officialSchoolColour",""
"ofsCode",""
"oilSystem",""
"okatoCode",""
"oldDistrict",""
"oldName",""
"oldProvince",""
"oldTeamCoached",""
"oldcode",""
"olivierAward",""
"olympicGames",""
"olympicGamesBronze",""
"olympicGamesGold",""
"olympicGamesSilver",""
"olympicGamesWins",""
"olympicOathSwornBy",""
"olympicOathSwornByAthlete",""
"olympicOathSwornByJudge",""
"omim",""
"onChromosome",""
"ons",""
"openAccessContent",""
"openingDate",""
"openingFilm",""
"openingTheme",""
"openingYear",""
"operatingIncome",""
"operatingSystem",""
"operator",""
"opponent",""
"opponents",""
"orbitalEccentricity",""
"orbitalFlights",""
"orbitalInclination",""
"orbitalPeriod",""
"orbits",""
"orcidId",""
"order",""
"orderDate",""
"orderInOffice",""
"ordination",""
"organ",""
"organSystem",""
"organisation",""
"organisationMember",""
"orientation",""
"origin",""
"originalDanseCompetition",""
"originalDanseScore",""
"originalEndPoint",""
"originalLanguage",""
"originalMaximumBoatBeam",""
"originalMaximumBoatLength",""
"originalName",""
"originalStartPoint",""
"originalTitle",""
"originallyUsedFor",""
"origo",""
"orogeny",""
"orthologousGene",""
"other",""
"otherActivity",""
"otherAppearances",""
"otherChannel",""
"otherFamilyBranch",""
"otherFuelType",""
"otherFunction",""
"otherInformation",""
"otherLanguage",""
"otherMedia",""
"otherName",""
"otherOccupation",""
"otherParty",""
"otherServingLines",""
"otherSportsExperience",""
"otherWins",""
"outflow",""
"output",""
"outskirts",""
"overallRecord",""
"oversight",""
"owner",""
"owningCompany",""
"owningOrganisation",""
"owns",""
"painter",""
"parent",""
"parentCompany",""
"parentMountainPeak",""
"parentOrganisation",""
"parish",""
"parkingInformation",""
"parkingLotsCars",""
"parkingLotsTrucks",""
"parliament",""
"parliamentType",""
"parliamentaryGroup",""
"part",""
"partialFailedLaunches",""
"participant",""
"participatingIn",""
"particularSign",""
"partner",""
"party",""
"partyNumber",""
"passengersPerDay",""
"passengersPerYear",""
"passengersUsedSystem",""
"pastMember",""
"pastor",""
"patent",""
"patron",""
"patronSaint",""
"pccSecretary",""
"pdb",""
"peabodyAward",""
"penaltiesTeamA",""
"penaltiesTeamB",""
"penaltyScore",""
"penisLength",""
"peopleName",""
"perCapitaIncome",""
"perCapitaIncomeAsOf",""
"perCapitaIncomeRank",""
"percentage",""
"percentageAlcohol",""
"percentageFat",""
"percentageLiteracyMen",""
"percentageLiteracyWomen",""
"percentageLiterate",""
"percentageOfAreaWater",""
"performer",""
"periapsis",""
"perifocus",""
"perimeter",""
"period",""
"person",""
"personFunction",""
"personName",""
"pgaWins",""
"philosophicalSchool",""
"phonePrefix",""
"phonePrefixLabel",""
"photographer",""
"phylum",""
"picture",""
"pictureDescription",""
"pictureFormat",""
"picturesCommonsCategory",""
"piercing",""
"pisciculturalPopulation",""
"pistonStroke",""
"place",""
"placeOfBurial",""
"placeOfWorship",""
"plant",""
"playRole",""
"playerInTeam",""
"playerSeason",""
"playerStatus",""
"playingTime",""
"plays",""
"pluviometry",""
"podium",""
"podiums",""
"pole",""
"poleDriver",""
"poleDriverCountry",""
"poleDriverTeam",""
"polePosition",""
"poles",""
"policeName",""
"polishFilmAward",""
"politicGovernmentDepartment",""
"politicalFunction",""
"politicalLeader",""
"politicalMajority",""
"politicalPartyInLegislature",""
"politicalPartyOfLeader",""
"politicalSeats",""
"popularVote",""
"population",""
"populationAsOf",""
"populationDensity",""
"populationMetro",""
"populationMetroDensity",""
"populationPctChildren",""
"populationPctMen",""
"populationPctWomen",""
"populationPlace",""
"populationQuote",""
"populationRural",""
"populationRuralDensity",""
"populationTotal",""
"populationTotalRanking",""
"populationTotalReference",""
"populationUrban",""
"populationUrbanDensity",""
"populationYear",""
"portfolio",""
"portrayer",""
"position",""
"postalCode",""
"power",""
"powerOutput",""
"powerType",""
"precursor",""
"predecessor",""
"prefaceBy",""
"prefect",""
"prefectMandate",""
"prefecture",""
"prefix",""
"premiereDate",""
"premierePlace",""
"premiereYear",""
"presentMunicipality",""
"presentName",""
"presenter",""
"president",""
"presidentGeneralCouncil",""
"presidentGeneralCouncilMandate",""
"presidentRegionalCouncil",""
"presidentRegionalCouncilMandate",""
"previousDemographics",""
"previousEditor",""
"previousEntity",""
"previousEvent",""
"previousInfrastructure",""
"previousMission",""
"previousName",""
"previousPopulation",""
"previousPopulationTotal",""
"previousWork",""
"price",""
"primaryFuelType",""
"primate",""
"primeMinister","taoiseach"
"primogenitor",""
"principal",""
"principalArea",""
"principalEngineer",""
"proPeriod",""
"proSince",""
"proTeam",""
"proYear",""
"probowlPick",""
"procedure",""
"producedBy",""
"producer",""
"produces",""
"product",""
"productShape",""
"production",""
"productionCompany",""
"productionEndDate",""
"productionEndYear",""
"productionStartDate",""
"productionStartYear",""
"productionYears",""
"profession",""
"programCost",""
"programmeFormat",""
"programmingLanguage",""
"project",""
"projectBudgetFunding",""
"projectBudgetTotal",""
"projectCoordinator",""
"projectEndDate",""
"projectKeyword",""
"projectObjective",""
"projectParticipant",""
"projectReferenceID",""
"projectStartDate",""
"projectType",""
"prominence",""
"promotion",""
"pronunciation",""
"prospectLeague",""
"prospectTeam",""
"protectionStatus",""
"protein",""
"protestantPercentage",""
"provCode",""
"provides",""
"province","city county district locatedInArea settlement"
"provinceIsoCode",""
"provinceLink",""
"provost",""
"pseudonym",""
"pubchem",""
"publication",""
"publicationDate",""
"publiclyAccessible",""
"publisher",""
"purchasingPowerParity",""
"purchasingPowerParityRank",""
"purchasingPowerParityYear",""
"purpose",""
"qatarClassic",""
"quebecerTitle",""
"quotation",""
"quote",""
"ra",""
"race",""
"raceHorse",""
"raceLength",""
"raceResult",""
"raceTrack",""
"raceWins",""
"races",""
"racketCatching",""
"radio",""
"radioStation",""
"radius_ly",""
"railGauge",""
"railwayLineUsingTunnel",""
"railwayPlatforms",""
"railwayRollingStock",""
"range",""
"rank",""
"rankAgreement",""
"rankArea",""
"rankInFinalMedalCount",""
"rankPopulation",""
"ranking",""
"rankingWins",""
"rankingsDoubles",""
"rankingsSingles",""
"rating",""
"ratio",""
"rebuildDate",""
"rebuilder",""
"rebuildingDate",""
"rebuildingYear",""
"recentWinner",""
"recommissioningDate",""
"recordDate",""
"recordLabel",""
"recordedIn",""
"rector",""
"redListIdNL",""
"redLongDistancePisteNumber",""
"redSkiPisteNumber",""
"redline",""
"refcul",""
"reference",""
"reffBourgmestre",""
"refgen",""
"refgeo",""
"refpol",""
"refseq",""
"refseqmrna",""
"refseqprotein",""
"regency",""
"regentOf",""
"regime",""
"region",""
"regionLink",""
"regionServed",""
"regionType",""
"regionalCouncil",""
"regionalLanguage",""
"regionalPrefecture",""
"registration",""
"registryNumber",""
"reign",""
"reignName",""
"reigningPope",""
"related",""
"relatedFunctions",""
"relatedMeanOfTransportation",""
"relatedPlaces",""
"relation",""
"relative",""
"relativeAtomicMass",""
"releaseDate",""
"releaseLocation",""
"relics",""
"relief",""
"religion",""
"religiousHead",""
"religiousHeadLabel",""
"religiousOrder",""
"reopened",""
"reopeningDate",""
"reopeningYear",""
"reportingMark",""
"representative",""
"requirement",""
"reservations",""
"residence",""
"resolution",""
"restingDate","deathDate"
"restingPlace",""
"restingPlacePosition",""
"restoreDate",""
"result",""
"retentionTime",""
"retired",""
"retiredRocket",""
"retirementDate",""
"revenue",""
"review",""
"rgbCoordinateBlue",""
"rgbCoordinateGreen",""
"rgbCoordinateRed",""
"ridId",""
"rightAscension",""
"rightChild",""
"rightTributary",""
"rival",""
"river",""
"riverBranch",""
"riverBranchOf",""
"riverMouth",""
"rkdArtistsId",""
"road",""
"rocket",""
"rocketFunction",""
"rocketStages",""
"rolandGarrosDouble",""
"rolandGarrosMixed",""
"rolandGarrosSingle",""
"role",""
"roleInEvent",""
"roofHeight",""
"rotationPeriod",""
"route",""
"routeActivity",""
"routeDirection",""
"routeEnd",""
"routeEndDirection",""
"routeEndLocation",""
"routeJunction",""
"routeLine",""
"routeNext",""
"routeNumber",""
"routePrevious",""
"routeStart",""
"routeStartDirection",""
"routeStartLocation",""
"routeTypeAbbreviation",""
"royalAnthem",""
"ruling",""
"runningMate",""
"runtime","albumRuntime duration filmRuntime"
"runwayDesignation",""
"runwayLength",""
"runwaySurface",""
"runwayWidth",""
"ruralMunicipality",""
"saint",""
"salary",""
"sales",""
"sameName",""
"satScore",""
"satellite",""
"satellitesDeployed",""
"scale",""
"scene",""
"school",""
"schoolBoard",""
"schoolCode",""
"schoolNumber",""
"schoolPatron",""
"scientificName",""
"score",""
"screenActorsGuildAward",""
"sea",""
"season",""
"seasonManager",""
"seasonNumber",""
"seatNumber",""
"seatingCapacity",""
"second",""
"secondCommander",""
"secondDriver",""
"secondDriverCountry",""
"secondLeader",""
"secondPlace",""
"secondPopularVote",""
"secondTeam",""
"secretaryGeneral",""
"security",""
"seiyu",""
"selection",""
"selectionPoint",""
"selectionYear",""
"selibrId",""
"senator",""
"senior",""
"seniority",""
"seniunija",""
"sentence",""
"series",""
"service",""
"serviceEndDate",""
"serviceEndYear",""
"serviceModule",""
"serviceNumber",""
"serviceStartDate",""
"serviceStartYear",""
"servingRailwayLine",""
"servingSize",""
"servingTemperature",""
"sessionNumber",""
"setDesigner",""
"settingOfPlay",""
"settlement","city county district locatedInArea province"
"settlementAttached",""
"setupTime",""
"sex",""
"sexualOrientation",""
"shape",""
"shareDate",""
"shareOfAudience",""
"shareSource",""
"sharingOutPopulation",""
"sharingOutPopulationYear",""
"sheading",""
"shipBeam",""
"shipCrew",""
"shipDisplacement",""
"shipDraft",""
"shipLaunch",""
"shoeNumber",""
"shoeSize",""
"shoot",""
"shoots",""
"shoreLength",""
"shortProgCompetition",""
"shortProgScore",""
"show",""
"showJudge",""
"shuttle",""
"sibling",""
"signName",""
"signature",""
"significantBuilding",""
"significantDesign",""
"significantProject",""
"silCode",""
"silverMedalDouble",""
"silverMedalMixed",""
"silverMedalSingle",""
"silverMedalist",""
"simcCode",""
"similar",""
"sire",""
"siren",""
"sisterCollege",""
"sisterNewspaper",""
"sisterStation",""
"sixthFormStudents",""
"sizeBlazon",""
"sizeLogo",""
"sizeMap",""
"sizeThumbnail",""
"size_v",""
"skiLift",""
"skiPisteKilometre",""
"skiPisteNumber",""
"skiTow",""
"skills",""
"skinColor",""
"slogan",""
"smiles",""
"snowParkNumber",""
"soccerLeaguePromoted",""
"soccerLeagueRelegated",""
"soccerLeagueSeason",""
"soccerLeagueWinner",""
"soccerTournamentClosingSeason",""
"soccerTournamentLastChampion",""
"soccerTournamentMostSteady",""
"soccerTournamentMostSuccesfull",""
"soccerTournamentOpeningSeason",""
"soccerTournamentThisSeason",""
"soccerTournamentTopScorer",""
"solicitorGeneral",""
"solubility",""
"solventWithBadSolubility",""
"solventWithGoodSolubility",""
"solventWithMediocreSolubility",""
"soundRecording",""
"source",""
"sourceConfluence",""
"sourceConfluenceCountry",""
"sourceConfluenceElevation",""
"sourceConfluenceMountain",""
"sourceConfluencePlace",""
"sourceConfluencePosition",""
"sourceConfluenceRegion",""
"sourceConfluenceState",""
"sourceCountry",""
"sourceDistrict",""
"sourceElevation",""
"sourceMountain",""
"sourcePlace",""
"sourcePosition",""
"sourceRegion",""
"sourceState",""
"sourceText",""
"southEastPlace",""
"southPlace",""
"southWestPlace",""
"sovereignCountry",""
"space",""
"spacecraft",""
"spacestation",""
"spacewalkBegin",""
"spacewalkEnd",""
"speaker",""
"specialEffects",""
"specialTrial",""
"specialist",""
"speciality",""
"species",""
"speedLimit",""
"spike",""
"splitFromParty",""
"spokenIn",""
"spokesperson",""
"sport",""
"sportCountry",""
"sportDiscipline",""
"sportGoverningBody",""
"sportSpecialty",""
"sportsFunction",""
"spouse",""
"spouseName",""
"spurOf",""
"spurType",""
"squadNumber",""
"stadium",""
"staff",""
"starRating",""
"starring",""
"start",""
"startCareer",""
"startDate",""
"startDateTime",""
"startOccupation",""
"startPoint",""
"startReign",""
"startWct",""
"startWqs",""
"startYear",""
"startYearOfInsertion",""
"startYearOfSales",""
"statName",""
"statValue",""
"state",""
"stateDelegate",""
"stateOfOrigin",""
"stateOfOriginPoint",""
"stateOfOriginTeam",""
"stateOfOriginYear",""
"stationEvaDuration",""
"stationStructure",""
"stationVisitDuration",""
"statistic",""
"statisticLabel",""
"statisticValue",""
"statisticYear",""
"status",""
"statusManager",""
"statusYear",""
"stellarClassification",""
"stockExchange",""
"storyEditor",""
"strength",""
"structuralSystem",""
"student",""
"style",""
"stylisticOrigin",""
"subClassis",""
"subFamily",""
"subGenus",""
"subMunicipalityType",""
"subOrder",""
"subPrefecture",""
"subTribus",""
"subdivision",""
"subdivisionLink",""
"subdivisionName",""
"subdivisions",""
"subjectOfPlay",""
"subjectTerm",""
"sublimationPoint",""
"suborbitalFlights",""
"subprefecture",""
"subregion",""
"subsequentInfrastructure",""
"subsequentWork",""
"subsidiary",""
"subsystem",""
"subsystemLink",""
"subtitle",""
"successfulLaunches",""
"successor",""
"sudocId",""
"summerAppearances",""
"summerTemperature",""
"superFamily",""
"superOrder",""
"superTribus",""
"superbowlWin",""
"superintendent",""
"supplementalDraftRound",""
"supplementalDraftYear",""
"supplies",""
"supply",""
"suppreddedDate",""
"surfaceArea",""
"surfaceFormOccurrenceOffset",""
"surfaceGravity",""
"surfaceType",""
"swimmingStyle",""
"symbol",""
"synonym",""
"systemOfLaw",""
"systemRequirements",""
"tag",""
"taoiseach","primeMinister"
"targetAirport",""
"targetSpaceStation",""
"taste",""
"tattoo",""
"taxon",""
"teachingStaff",""
"team","club"
"teamCoached",""
"teamManager",""
"teamName",""
"teamPoint",""
"teamSize",""
"teamTitle",""
"technique",""
"televisionSeries",""
"tempPlace",""
"temperature",""
"temple",""
"templeYear",""
"tenant",""
"tennisSurfaceType",""
"termOfOffice",""
"termPeriod",""
"territory",""
"terytCode",""
"tessitura",""
"testaverage",""
"theology",""
"third",""
"thirdCommander",""
"thirdDriver",""
"thirdDriverCountry",""
"thirdPlace",""
"thirdTeam",""
"throwingSide",""
"thumbnail",""
"thumbnailCaption",""
"tie",""
"time",""
"timeInSpace",""
"timeZone",""
"timeshiftChannel",""
"title",""
"titleDate",""
"titleDouble",""
"titleLanguage",""
"titleSingle",""
"toll",""
"tonyAward",""
"topFloorHeight",""
"topLevelDomain",""
"topSpeed",""
"topic",""
"torchBearer",""
"torqueOutput",""
"totalCargo",""
"totalDiscs",""
"totalLaunches",""
"totalMass",""
"totalPopulation",""
"totalTracks",""
"totalTravellers",""
"touristicSite",""
"tournamentOfChampions",""
"tournamentRecord",""
"towerHeight",""
"trackLength",""
"trackNumber",""
"trackWidth",""
"tradeMark",""
"trainer",""
"trainerClub",""
"trainerYears",""
"training",""
"translatedMotto",""
"translator",""
"transmission",""
"tree",""
"tribus",""
"trustee",""
"tu",""
"tuition",""
"tvComId",""
"tvShow",""
"twinCountry",""
"twinTown",""
"type",""
"typeCoordinate",""
"typeOfElectrification",""
"typeOfGrain",""
"typeOfStorage",""
"typeOfYeast",""
"uRN",""
"uciCode",""
"ulanId",""
"umbrellaTitle",""
"undraftedYear",""
"unesco",""
"unicode",""
"uniprot",""
"unitCost",""
"unitaryAuthority",""
"unitedStatesNationalBridgeId",""
"university",""
"unknownOutcomes",""
"unloCode",""
"updated",""
"upperAge",""
"urbanArea",""
"usOpenDouble",""
"usOpenMixed",""
"usOpenSingle",""
"usSales",""
"usedInWar",""
"uses",""
"usingCountry",""
"usk",""
"usopenWins",""
"usurper",""
"utcOffset",""
"v_hb",""
"value",""
"valvetrain",""
"variantOf",""
"varietals",""
"vehicle",""
"vehicleCode",""
"vehiclesPerDay",""
"vein",""
"veneratedIn",""
"version",""
"viafId",""
"viceChancellor",""
"viceLeader",""
"viceLeaderParty",""
"vicePresident",""
"vicePrimeMinister",""
"vicePrincipal",""
"vicePrincipalLabel",""
"victim",""
"victims",""
"victory",""
"victoryAsMgr",""
"victoryPercentageAsMgr",""
"virtualChannel",""
"visitorStatisticsAsOf",""
"visitorsPerDay",""
"visitorsPerYear",""
"visitorsPercentageChange",""
"visitorsTotal",""
"voice",""
"voiceType",""
"volcanicActivity",""
"volcanicType",""
"volcanoId",""
"voltageOfElectrification",""
"volume",""
"volumeQuote",""
"volumes",""
"vonKlitzingConstant",""
"votesAgainst",""
"votesFor",""
"wagon",""
"waistSize",""
"war",""
"ward",""
"water",""
"waterArea","area landArea"
"waterPercentage",""
"watercourse",""
"watershed",""
"waterwayThroughTunnel",""
"wavelength",""
"weapon",""
"webcast",""
"websiteLabel",""
"weddingParentsDate",""
"weight",""
"westPlace",""
"whaDraft",""
"whaDraftTeam",""
"whaDraftYear",""
"wheelbase",""
"wholeArea",""
"width",""
"widthQuote",""
"wikiPageCharacterSize",""
"wikiPageDisambiguates",""
"wikiPageEditLink",""
"wikiPageExternalLink",""
"wikiPageExtracted",""
"wikiPageHistoryLink",""
"wikiPageID",""
"wikiPageInDegree",""
"wikiPageInterLanguageLink",""
"wikiPageLength",""
"wikiPageModified",""
"wikiPageOutDegree",""
"wikiPageRedirects",""
"wikiPageRevisionID",""
"wikiPageRevisionLink",""
"wikiPageWikiLink",""
"wikiPageWikiLinkText",""
"wikidataSplitIri",""
"wilaya",""
"wimbledonDouble",""
"wimbledonMixed",""
"wimbledonSingle",""
"wineProduced",""
"wineRegion",""
"wineYear",""
"wingArea",""
"wingspan",""
"wins",""
"winsAtAlpg",""
"winsAtAsia",""
"winsAtAus",""
"winsAtChallenges",""
"winsAtChampionships",""
"winsAtJLPGA",""
"winsAtJapan",""
"winsAtKLPGA",""
"winsAtLAGT",""
"winsAtLET",""
"winsAtLPGA",""
"winsAtMajors",""
"winsAtNWIDE",""
"winsAtOtherTournaments",""
"winsAtPGA",""
"winsAtProTournaments",""
"winsAtSenEuro",""
"winsAtSun",""
"winsInEurope",""
"winterAppearances",""
"winterTemperature",""
"woRMS",""
"wordBefore",""
"work",""
"workArea",""
"world",""
"worldChampionTitleYear",""
"worldOpen",""
"worldTeamCup",""
"worldTournament",""
"worldTournamentBronze",""
"worldTournamentGold",""
"worldTournamentSilver",""
"worstDefeat",""
"wptFinalTable",""
"wptItm",""
"wptTitle",""
"writer",""
"wsopItm",""
"wsopWinYear",""
"wsopWristband",""
"year",""
"yearElevationIntoNobility",""
"yearOfConstruction",""
"yearOfElectrification",""
"years",""
"youthClub",""
"youthWing",""
"youthYears",""
"zdb",""
"zipCode",""
"zodiacSign",""
