"Astronaut/timeInSpace","Astronaut"
"Automobile/fuelCapacity","Automobile"
"Automobile/wheelbase","Automobile"
"Building/floorArea","Building"
"Canal/maximumBoatBeam","Canal"
"Canal/maximumBoatLength","Canal"
"Canal/originalMaximumBoatBeam","Canal"
"Canal/originalMaximumBoatLength","Canal"
"ChemicalSubstance/boilingPoint","ChemicalSubstance"
"ChemicalSubstance/density","ChemicalSubstance"
"ChemicalSubstance/meltingPoint","ChemicalSubstance"
"ConveyorSystem/diameter","ConveyorSystem"
"ConveyorSystem/height","ConveyorSystem"
"ConveyorSystem/length","ConveyorSystem"
"ConveyorSystem/mass","ConveyorSystem"
"ConveyorSystem/weight","ConveyorSystem"
"ConveyorSystem/width","ConveyorSystem"
"Drug/boilingPoint","Drug"
"Drug/meltingPoint","Drug"
"Engine/acceleration","Engine"
"Engine/co2Emission","Engine"
"Engine/cylinderBore","Engine"
"Engine/diameter","Engine"
"Engine/displacement","Engine"
"Engine/height","Engine"
"Engine/length","Engine"
"Engine/pistonStroke","Engine"
"Engine/powerOutput","Engine"
"Engine/topSpeed","Engine"
"Engine/torqueOutput","Engine"
"Engine/weight","Engine"
"Engine/width","Engine"
"Escalator/diameter","Escalator"
"Escalator/height","Escalator"
"Escalator/length","Escalator"
"Escalator/mass","Escalator"
"Escalator/weight","Escalator"
"Escalator/width","Escalator"
"Galaxy/apoapsis","Galaxy"
"Galaxy/averageSpeed","Galaxy"
"Galaxy/density","Galaxy"
"Galaxy/mass","Galaxy"
"Galaxy/maximumTemperature","Galaxy"
"Galaxy/meanRadius","Galaxy"
"Galaxy/meanTemperature","Galaxy"
"Galaxy/minimumTemperature","Galaxy"
"Galaxy/orbitalPeriod","Galaxy"
"Galaxy/periapsis","Galaxy"
"Galaxy/surfaceArea","Galaxy"
"Galaxy/temperature","Galaxy"
"Galaxy/volume","Galaxy"
"GeopoliticalOrganisation/areaMetro","GeopoliticalOrganisation"
"GeopoliticalOrganisation/populationDensity","GeopoliticalOrganisation"
"GrandPrix/course","GrandPrix"
"GrandPrix/distance","GrandPrix"
"Infrastructure/length","Infrastructure"
"Lake/areaOfCatchment","Lake"
"Lake/shoreLength","Lake"
"Lake/volume","Lake"
"LunarCrater/diameter","LunarCrater"
"MeanOfTransportation/diameter","MeanOfTransportation"
"MeanOfTransportation/height","MeanOfTransportation"
"MeanOfTransportation/length","MeanOfTransportation"
"MeanOfTransportation/mass","MeanOfTransportation"
"MeanOfTransportation/weight","MeanOfTransportation"
"MeanOfTransportation/width","MeanOfTransportation"
"MovingWalkway/diameter","MovingWalkway"
"MovingWalkway/height","MovingWalkway"
"MovingWalkway/length","MovingWalkway"
"MovingWalkway/mass","MovingWalkway"
"MovingWalkway/weight","MovingWalkway"
"MovingWalkway/width","MovingWalkway"
"On-SiteTransportation/diameter","On-SiteTransportation"
"On-SiteTransportation/height","On-SiteTransportation"
"On-SiteTransportation/length","On-SiteTransportation"
"On-SiteTransportation/mass","On-SiteTransportation"
"On-SiteTransportation/weight","On-SiteTransportation"
"On-SiteTransportation/width","On-SiteTransportation"
"Person/height","Person"
"Person/weight","Person"
"Planet/apoapsis","Planet"
"Planet/averageSpeed","Planet"
"Planet/density","Planet"
"Planet/mass","Planet"
"Planet/maximumTemperature","Planet"
"Planet/meanRadius","Planet"
"Planet/meanTemperature","Planet"
"Planet/minimumTemperature","Planet"
"Planet/orbitalPeriod","Planet"
"Planet/periapsis","Planet"
"Planet/surfaceArea","Planet"
"Planet/temperature","Planet"
"Planet/volume","Planet"
"PopulatedPlace/area","PopulatedPlace"
"PopulatedPlace/areaMetro","PopulatedPlace"
"PopulatedPlace/areaTotal","PopulatedPlace"
"PopulatedPlace/areaUrban","PopulatedPlace"
"PopulatedPlace/populationDensity","PopulatedPlace"
"PopulatedPlace/populationMetroDensity","PopulatedPlace"
"PopulatedPlace/populationUrbanDensity","PopulatedPlace"
"Rocket/lowerEarthOrbitPayload","Rocket"
"Rocket/mass","Rocket"
"School/campusSize","School"
"Software/fileSize","Software"
"SpaceMission/cmpEvaDuration","SpaceMission"
"SpaceMission/distanceTraveled","SpaceMission"
"SpaceMission/lunarEvaTime","SpaceMission"
"SpaceMission/lunarOrbitTime","SpaceMission"
"SpaceMission/lunarSampleMass","SpaceMission"
"SpaceMission/lunarSurfaceTime","SpaceMission"
"SpaceMission/mass","SpaceMission"
"SpaceMission/missionDuration","SpaceMission"
"SpaceMission/stationEvaDuration","SpaceMission"
"SpaceMission/stationVisitDuration","SpaceMission"
"SpaceShuttle/distance","SpaceShuttle"
"SpaceShuttle/timeInSpace","SpaceShuttle"
"SpaceStation/volume","SpaceStation"
"Spacecraft/apoapsis","Spacecraft"
"Spacecraft/cargoFuel","Spacecraft"
"Spacecraft/cargoGas","Spacecraft"
"Spacecraft/cargoWater","Spacecraft"
"Spacecraft/dockedTime","Spacecraft"
"Spacecraft/dryCargo","Spacecraft"
"Spacecraft/freeFlightTime","Spacecraft"
"Spacecraft/periapsis","Spacecraft"
"Spacecraft/totalCargo","Spacecraft"
"Spacecraft/totalMass","Spacecraft"
"Stream/discharge","Stream"
"Stream/dischargeAverage","Stream"
"Stream/maximumDischarge","Stream"
"Stream/minimumDischarge","Stream"
"Stream/watershed","Stream"
"Weapon/diameter","Weapon"
"Weapon/height","Weapon"
"Weapon/length","Weapon"
"Weapon/weight","Weapon"
"Weapon/width","Weapon"
"Work/runtime","Work"
"aSide","Single"
"abbeychurchBlessing","Cleric"
"abbeychurchBlessingCharge","Cleric"
"ableToGrind","Mill"
"absoluteMagnitude","CelestialBody"
"abstentions","StatedResolution"
"academicAdvisor","Scientist"
"academicDiscipline","AcademicJournal"
"academyAward","Artist"
"acceleration","AutomobileEngine"
"achievement","Person"
"acquirementDate","Ship"
"actScore","School"
"actingHeadteacher","School"
"activeYears","Person"
"activeYearsEndDateMgr","Person"
"activeYearsEndYearMgr","Person"
"activeYearsStartDateMgr","Person"
"activeYearsStartYearMgr","Person"
"activity","Person"
"added","HistoricPlace"
"address","Place"
"addressInRoad","Road"
"adjacentSettlement","Settlement"
"administrativeCenter","AdministrativeRegion"
"administrativeCollectivity","Settlement"
"administrativeDistrict","Settlement"
"administrativeHeadCity","PopulatedPlace"
"administrator","School"
"afdbId","Film"
"affair","Person"
"affiliate","FictionalCharacter"
"affiliation","Organisation"
"afiAward","Artist"
"age","Agent"
"agency","Person"
"agencyStationCode","Station"
"agglomeration","PopulatedPlace"
"agglomerationArea","PopulatedPlace"
"agglomerationDemographics","PopulatedPlace"
"agglomerationPopulation","Settlement"
"agglomerationPopulationYear","Settlement"
"aggregation","ChemicalSubstance"
"airDate","RadioStation"
"aircraftAttack","MilitaryUnit"
"aircraftBomber","MilitaryUnit"
"aircraftElectronic","MilitaryUnit"
"aircraftFighter","MilitaryUnit"
"aircraftHelicopter","MilitaryUnit"
"aircraftHelicopterAttack","MilitaryUnit"
"aircraftHelicopterCargo","MilitaryUnit"
"aircraftHelicopterMultirole","MilitaryUnit"
"aircraftHelicopterObservation","MilitaryUnit"
"aircraftHelicopterTransport","MilitaryUnit"
"aircraftHelicopterUtility","MilitaryUnit"
"aircraftInterceptor","MilitaryUnit"
"aircraftPatrol","MilitaryUnit"
"aircraftRecon","MilitaryUnit"
"aircraftTrainer","MilitaryUnit"
"aircraftTransport","MilitaryUnit"
"aircraftType","Aircraft"
"aircraftUser","Aircraft"
"airportUsing","Airport"
"albedo","Planet"
"albumRuntime","Album"
"allcinemaId","Film"
"allegiance","Person"
"alliance","Airline"
"almaMater","Person"
"alpsGroup","Mountain"
"alpsMainPart","Mountain"
"alpsMajorSector","Mountain"
"alpsSection","Mountain"
"alpsSoiusaCode","Mountain"
"alpsSubgroup","Mountain"
"alpsSubsection","Mountain"
"alpsSupergroup","Mountain"
"alternativeTitle","Work"
"altitude","Place"
"alumni","EducationalInstitution"
"amateurDefeat","Boxer"
"amateurFight","Boxer"
"amateurKo","Boxer"
"amateurNoContest","Boxer"
"amateurTeam","Athlete,_CareerStation"
"amateurTie","Boxer"
"amateurTitle","Boxer"
"amateurVictory","Boxer"
"amateurYear","Athlete,_CareerStation"
"americanComedyAward","Comedian"
"amgid","Film"
"amsterdamCode","Municipality"
"analogChannel","Broadcaster"
"animator","Cartoon"
"anniversary","MilitaryUnit"
"announcedFrom","Person"
"annualTemperature","Place"
"apoapsis","CelestialBody"
"apofocus","CelestialBody"
"apparentMagnitude","Planet"
"appearancesInLeague","SoccerPlayer"
"appearancesInNationalTeam","SoccerPlayer"
"approach","Person"
"approvedByLowerParliament","Law"
"approvedByUpperParliament","Law"
"approximateCalories","Food"
"apskritis","PopulatedPlace"
"archipelago","Island"
"architect","ArchitecturalStructure"
"architectualBureau","ArchitecturalStructure"
"architecturalMovement","Architect"
"architecturalStyle","ArchitecturalStructure"
"areaCode","Place"
"areaDate","Place"
"areaLand","Place"
"areaOfCatchment","Lake"
"areaOfCatchmentQuote","Place"
"areaOfSearch","SiteOfSpecialScientificInterest"
"areaQuote","Place"
"areaRank","Place"
"areaRural","PopulatedPlace"
"areaTotal","Place"
"areaTotalRanking","PopulatedPlace"
"areaUrban","PopulatedPlace"
"areaWater","Place"
"argueDate","SupremeCourtOfTheUnitedStatesCase"
"arielAward","Actor"
"arm","Protein"
"army","MilitaryPerson"
"arrestDate","Person"
"arrondissement","PopulatedPlace"
"artPatron","Agent"
"artery","AnatomicalStructure"
"artificialSnowArea","Place"
"artist","MusicalWork"
"artisticFunction","Person"
"asiaChampionship","Athlete"
"aspectRatio","Software"
"assembly","MeanOfTransportation"
"assetUnderManagement","Company"
"assets","Company"
"assistantPrincipal","School"
"associateEditor","Newspaper"
"associatedAct","Artist"
"associatedRocket","LaunchPad"
"associationOfLocalGovernment","Settlement"
"astrologicalSign","Person"
"atPage","Reference"
"atRowNumber","Reference"
"athletics","University"
"athleticsDiscipline","Athlete"
"atomicNumber","ChemicalElement"
"attorneyGeneral","LegalCase"
"australiaOpenDouble","TennisPlayer"
"australiaOpenMixed","TennisPlayer"
"australiaOpenSingle","TennisPlayer"
"author","Work"
"authorityMandate","Place"
"authorityTitle","RomaniaSettlement"
"automobileModel","AutomobileEngine"
"automobilePlatform","Automobile"
"availableSmartCard","Station"
"averageAnnualGeneration","PowerStation"
"averageClassSize","School"
"averageDepth","Place"
"averageDepthQuote","Place"
"avifaunaPopulation","Place"
"awardName","Person"
"bSide","Single"
"backhand","Athlete"
"badGuy","Person"
"baftaAward","Artist"
"band","Protein"
"bandMember","Band"
"barPassRate","School"
"barangays","PopulatedPlace"
"basedOn","Work"
"battingSide","BaseballPlayer"
"battleHonours","MilitaryUnit"
"beatifiedBy","Saint"
"beatifiedDate","Saint"
"beatifiedPlace","Saint"
"bedCount","Hospital"
"believers","ChristianDoctrine"
"beltwayCity","Road"
"bestFinish","SnookerPlayer"
"bestLap","Person"
"bestRankDouble","TennisPlayer"
"bestRankSingle","TennisPlayer"
"bestWsopRank","PokerPlayer"
"bestYearWsop","PokerPlayer"
"bgafdId","Film"
"bicycleInformation","Station"
"bigPoolRecord","Person"
"biggestCity","Place"
"billed","Wrestler"
"binomial","Species"
"binomialAuthority","Species"
"bioavailability","Drug"
"bioclimate","Place"
"bird","Place"
"birthDate","Person"
"birthName","Person"
"birthPlace","Person"
"birthSign","Person"
"birthYear","Person"
"bishopric","ReligiousBuilding"
"blackLongDistancePisteNumber","Place"
"blackSkiPisteNumber","Place"
"blazonCaption","Blazon"
"block","VolleyballPlayer"
"blockAlloy","AutomobileEngine"
"bloodGroup","Person"
"bloodType","Person"
"blueLongDistancePisteNumber","Place"
"blueSkiPisteNumber","Place"
"board","Person"
"bodyDiscovered","Person"
"bodyStyle","Automobile"
"boiler","Locomotive"
"boilerPressure","Locomotive"
"boilingPoint","ChemicalSubstance"
"booster","SpaceMission"
"border","Island"
"borough","PopulatedPlace"
"bourgmestre","Settlement"
"bowlRecord","CollegeCoach"
"boxerCategory","Boxer"
"boxerStyle","Boxer"
"brainInfoNumber","Brain"
"brainInfoType","Brain"
"branchFrom","AnatomicalStructure"
"branchTo","AnatomicalStructure"
"brand","WrestlingEvent"
"breeder","Animal"
"bridgeCarries","Bridge"
"britishComedyAwards","Comedian"
"britishOpen","Athlete"
"britishWins","Person"
"broadcastArea","Broadcaster"
"broadcastNetwork","Broadcaster"
"broadcastRepeater","Broadcaster"
"broadcastStationClass","Broadcaster"
"broadcastTranslator","Broadcaster"
"bronzeMedalDouble","TennisPlayer"
"bronzeMedalMixed","TennisPlayer"
"bronzeMedalSingle","TennisPlayer"
"bronzeMedalist","SportsEvent"
"budgetYear","Place"
"building","Island"
"buildingEndYear","ArchitecturalStructure"
"buildingStartYear","ArchitecturalStructure"
"buildingType","Building"
"bustSize","Person"
"bustWaistHipSize","Person"
"cableCar","Place"
"callsignMeaning","Broadcaster"
"campus","University"
"campusSize","School"
"campusType","School"
"canBaggageChecked","Station"
"cannonNumber","Place"
"canonizedBy","Saint"
"canonizedDate","Saint"
"canonizedPlace","Saint"
"canton","Settlement"
"capacityFactor","PowerStation"
"capital","PopulatedPlace"
"capitalCoordinates","Place"
"capitalCountry","Island"
"capitalDistrict","Island"
"capitalElevation","Island"
"capitalMountain","Island"
"capitalPlace","Island"
"capitalPosition","Island"
"capitalRegion","Island"
"captureDate","Ship"
"carNumber","FormulaOneRacer"
"carbohydrate","Food"
"carcinogen","ChemicalSubstance"
"careerPoints","FormulaOneRacer"
"careerPrizeMoney","TennisPlayer"
"careerStation","Person"
"cargoFuel","Spacecraft"
"cargoGas","Spacecraft"
"cargoWater","Spacecraft"
"case","Person"
"casualties","MilitaryConflict_,_NaturalEvent"
"catch","Person"
"caterer","Infrastructure"
"catholicPercentage","PopulatedPlace"
"causalties","MilitaryConflict"
"causeOfDeath","Person"
"causedBy","Event"
"ccaState","PopulatedPlace"
"ceeb","School"
"ceiling","Aircraft"
"cemetery","ReligiousBuilding"
"censusYear","PopulatedPlace"
"center","NorwaySettlement"
"centuryBreaks","SnookerPlayer"
"ceo","Organisation"
"ceremonialCounty","PopulatedPlace"
"certification","Single"
"certificationDate","Single"
"cesarAward","Artist"
"chEBI","Drug"
"chain","Hotel"
"chairmanTitle","SoccerClub"
"chairperson","Organisation"
"champion","SportsEvent"
"championInDouble","SportsEvent"
"championInDoubleFemale","SportsEvent"
"championInDoubleMale","SportsEvent"
"championInMixedDouble","SportsEvent"
"championInSingle","SportsEvent"
"championInSingleFemale","SportsEvent"
"championInSingleMale","SportsEvent"
"championships","FormulaOneRacer"
"chaplain","School"
"characterInPlay","Play"
"chef","Restaurant"
"chiefEditor","Work"
"child","Person"
"childOrganisation","Organisation"
"choreographer","FigureSkater"
"chorusCharacterInPlay","Play"
"christeningDate","Ship"
"chromosome","Protein"
"cinematography","Film"
"circle","PopulatedPlace"
"circuitLength","FormulaOneRacing"
"circuitName","FormulaOneRacing"
"circulation","WrittenWork"
"circumcised","Person"
"cites","Work"
"citizenship","Person"
"cityLink","Place"
"cityRank","Skyscraper"
"citySince","PopulatedPlace"
"cityType","PopulatedPlace"
"class","MeanOfTransportation"
"classes","School"
"classification","Instrument"
"classis","Species"
"climate","Place"
"climbUpNumber","Place"
"closeTo","Place"
"closed","EducationalInstitution"
"closingFilm","FilmFestival"
"clothSize","Person"
"clothingSize","Person"
"club","Athlete"
"clubsRecordGoalscorer","SoccerClub"
"cluster","Galaxy"
"cmpEvaDuration","SpaceMission"
"cmykCoordinateBlack","Colour"
"cmykCoordinateCyanic","Colour"
"cmykCoordinateMagenta","Colour"
"cmykCoordinateYellow","Colour"
"co2Emission","AutomobileEngine"
"coExecutiveProducer","TelevisionShow"
"coProducer","TelevisionShow"
"coachClub","Athlete"
"coachSeason","Athlete"
"coachedTeam","CollegeCoach"
"coachingRecord","CollegeCoach"
"coalition","Person"
"coastLength","Place"
"coastLine","Settlement"
"codeBook","LegalCase"
"codeDistrict","CityDistrict"
"codeIndex","MemberResistanceMovement"
"codeLandRegistry","Place"
"codeListOfHonour","MemberResistanceMovement"
"codeMemorial","Memorial"
"codeMunicipalMonument","Place"
"codeNationalMonument","Place"
"codeProvincialMonument","Place"
"codeSettlement","Settlement"
"codeStockExchange","Company"
"coden","WrittenWork"
"coemperor","Monarch"
"collaboration","Person"
"colleague","Person"
"collection","Museum"
"collectivityMinority","Settlement"
"college","Person"
"collegeHof","Athlete"
"colonialName","PopulatedPlace"
"colorChart","FictionalCharacter"
"combatant","MilitaryConflict"
"comic","FictionalCharacter"
"comitat","HungarySettlement"
"command","MilitaryPerson"
"commandModule","SpaceMission"
"commandStructure","MilitaryUnit"
"commissioner","PopulatedPlace"
"commissionerDate","PopulatedPlace"
"commissioningDate","Ship"
"committeeInLegislature","Legislature"
"commune","Settlement"
"communityIsoCode","PopulatedPlace"
"comparable","Rocket"
"competition","SportCompetitionResult"
"competitionTitle","Person"
"compiler","Album"
"completionDate","Work"
"complexion","Person"
"complexity","Food"
"component","Brain"
"composer","Work"
"compressionRatio","AutomobileEngine"
"computingInput","Software"
"computingMedia","Software"
"computingPlatform","Software"
"configuration","AutomobileEngine"
"congressionalDistrict","AdministrativeRegion"
"connectsReferencedTo","Reference"
"consecration","Cleric"
"conservationStatus","Species"
"conservationStatusSystem","Species"
"constellation","CelestialBody"
"construction","ArchitecturalStructure"
"constructionMaterial","ArchitecturalStructure"
"contest","Person"
"continent","Country"
"continentRank","Skyscraper"
"continentalTournament","Person"
"continentalTournamentBronze","Person"
"continentalTournamentGold","Person"
"continentalTournamentSilver","Person"
"contractAward","SpaceShuttle"
"contractor","Skyscraper"
"convictionDate","Person"
"coolingSystem","AutomobileEngine"
"copilote","Person"
"coronationDate","Royalty"
"costumeDesigner","Film"
"council","LiechtensteinSettlement"
"councilArea","PopulatedPlace"
"countryOrigin","Rocket"
"countryRank","Skyscraper"
"countryWithFirstAstronaut","YearInSpaceflight"
"countryWithFirstSatellite","YearInSpaceflight"
"countryWithFirstSatelliteLaunched","YearInSpaceflight"
"countryWithFirstSpaceflight","YearInSpaceflight"
"countySeat","PopulatedPlace"
"course","GrandPrix"
"cousurper","Person"
"coverArtist","Work"
"created","Person"
"creationChristianBishop","Bishop"
"creativeDirector","TelevisionShow"
"creatorOfDish","Food"
"credit","Openswarm"
"crew","Spacecraft"
"crewMember","SpaceMission"
"crewSize","SpaceMission"
"crews","SpaceShuttle"
"crosses","Bridge"
"crownDependency","City"
"cultivatedVariety","Plant"
"curator","Museum"
"currencyCode","Place"
"currentLeague","Athlete"
"currentMember","SportsTeam"
"currentPartner","FigureSkater"
"currentProduction","Theatre"
"currentRank","SnookerPlayer"
"currentRecord","CollegeCoach"
"currentSeason","SportsLeague"
"currentTeam","Athlete"
"currentTeamManager","Person"
"currentTeamMember","SportsTeam"
"currentWorldChampion","Sport"
"currentlyUsedFor","ArchitecturalStructure"
"custodian","School"
"cyclistGenre","Athlete,_CareerStation"
"cylinderBore","AutomobileEngine"
"cylinderCount","Locomotive"
"daira","Settlement"
"dam","Animal"
"damage","Event"
"damsire","Animal"
"danseCompetition","Person"
"danseScore","Person"
"dateAct","Canal"
"dateAgreement","Place"
"dateClosed","Canal"
"dateCompleted","Canal"
"dateConstruction","Canal"
"dateExtended","Canal"
"dateLastUpdated","Document"
"dateOfBurial","Person"
"dateUnveiled","Monument"
"dateUse","Canal"
"davisCup","TennisPlayer"
"day","Settlement"
"daylightSavingTimeZone","Place"
"dbnlCodeDutch","Writer"
"dcc","Work"
"deadInFightDate","Person"
"deadInFightPlace","Person"
"dean","EducationalInstitution"
"deanery","Diocese,_Parish"
"deathAge","Person"
"deathCause","Person"
"deathDate","Person"
"deathPlace","Person"
"deathYear","Person"
"debut","Wrestler"
"debutTeam","Athlete"
"debutWork","Person"
"dec","Openswarm"
"decay","Spacecraft"
"decideDate","SupremeCourtOfTheUnitedStatesCase"
"declination","Constellation"
"decommissioningDate","Ship"
"decoration","Person"
"defeat","Boxer"
"defeatAsMgr","Coach"
"definition","Galaxy"
"delegateMayor","PopulatedPlace"
"delegation","PopulatedPlace"
"deme","PopulatedPlace"
"demographics","PopulatedPlace"
"demographicsAsOf","PopulatedPlace"
"demolitionDate","ArchitecturalStructure"
"demolitionYear","ArchitecturalStructure"
"denomination","School"
"department","PopulatedPlace"
"departmentCode","Municipality"
"departmentPosition","PopulatedPlace"
"depth","Place"
"depthQuote","Place"
"depths","Place"
"derivative","MusicGenre"
"derivedWord","Person"
"designCompany","MeanOfTransportation"
"destination","Airline"
"detectionMethod","Planet"
"detractor","Person"
"dfE","School"
"different","Place"
"digitalChannel","Broadcaster"
"digitalSubChannel","Broadcaster"
"diocese","Parish,_Deanery"
"diploma","Person"
"director","Film"
"disappearanceDate","PopulatedPlace"
"disbanded","MilitaryUnit"
"discharge","Stream"
"dischargeAverage","MeanOfTransportation"
"disciple","Artist"
"discipline","Agent"
"discontinued","Beverage"
"discovered","CelestialBody"
"discovery","Island"
"diseasesDb","Disease"
"displacement","AutomobileEngine"
"dissolutionDate","PopulatedPlace"
"dissolutionYear","Organisation,_PopulatedPlace"
"dissolved","SoccerClub"
"dist_ly","Openswarm"
"dist_pc","Openswarm"
"distanceLaps","GrandPrix"
"distanceToBelfast","Settlement"
"distanceToCapital","Settlement"
"distanceToCardiff","Settlement"
"distanceToCharingCross","Settlement"
"distanceToDouglas","Settlement"
"distanceToDublin","Settlement"
"distanceToEdinburgh","Settlement"
"distanceToLondon","Settlement"
"distanceToNearestCity","Settlement"
"distanceTraveled","SpaceMission"
"distributingCompany","RecordLabel"
"distributingLabel","RecordLabel"
"district","Place"
"dockedTime","Spacecraft"
"doctoralAdvisor","Scientist"
"doctoralStudent","Scientist"
"documentNumber","Document"
"domain","Species"
"dorlandsPrefix","AnatomicalStructure"
"dorlandsSuffix","AnatomicalStructure"
"draftLeague","Athlete"
"draftPick","GridironFootballPlayer"
"draftPosition","Athlete"
"draftRound","GridironFootballPlayer"
"draftTeam","Athlete"
"drainsFrom","AnatomicalStructure"
"drainsTo","AnatomicalStructure"
"drama","FictionalCharacter"
"dressCode","Restaurant"
"dryCargo","Spacecraft"
"dubber","Person"
"duration","Event"
"dutchArtworkCode","Artwork"
"dutchCOROPCode","Region"
"dutchMIPCode","ArchitecturalStructure,_Monument"
"dutchNAIdentifier","MemberResistanceMovement"
"dutchPPNCode","WrittenWork"
"dutchRKDCode","Artist"
"dutchWinkelID","UndergroundJournal"
"eMedicineSubject","Disease"
"eMedicineTopic","Disease"
"eTeatrId","Film"
"eastPlace","Place"
"ecNumber","Biomolecule"
"editing","Film"
"editorTitle","Magazine"
"education","Person"
"educationPlace","Person"
"educationSystem","EducationalInstitution"
"effectiveRadiatedPower","Broadcaster"
"egafdId","Film"
"ekatteCode","PopulatedPlace"
"electionDate","Person"
"electionDateLeader","Legislature"
"elementBlock","ChemicalElement"
"elementGroup","ChemicalElement"
"elementPeriod","ChemicalElement"
"elevation","Place"
"elevationQuote","Place"
"elevatorCount","Building"
"elo","ChessPlayer"
"eloRecord","ChessPlayer"
"emblem","PopulatedPlace"
"emmyAward","Artist"
"employer","Person"
"employersCelebration","Settlement"
"endCareer","Person"
"endDate","Event"
"endDateTime","Event"
"endPoint","Canal"
"endReign","Person"
"endYearOfInsertion","AutomobileEngine"
"endYearOfSales","Sales"
"endangeredSince","Place"
"endingTheme","TelevisionShow"
"endowment","Organisation"
"enemy","FictionalCharacter"
"engine","Automobile"
"enginePower","MeanOfTransportation"
"engineType","MeanOfTransportation"
"ensembl","Biomolecule"
"enshrinedDeity","Shrine"
"entourage","FictionalCharacter"
"entrezgene","Biomolecule"
"eparchy","ReligiousBuilding"
"episode","FictionalCharacter"
"episodeNumber","TelevisionEpisode"
"epoch","Planet"
"eptFinalTable","PokerPlayer"
"eptItm","PokerPlayer"
"eptTitle","PokerPlayer"
"equipment","Activity"
"equity","Company"
"eruption","Island"
"eruptionYear","Volcano"
"escalafon","Person"
"escapeVelocity","Planet"
"espnId","Athlete"
"established","ChristianDoctrine"
"establishment","ChristianDoctrine"
"ethnicGroup","PopulatedPlace"
"ethnicity","Person"
"eurobabeIndexId","Film"
"europeanAffiliation","PoliticalParty"
"europeanChampionship","Athlete"
"europeanParliamentGroup","PoliticalParty"
"europeanUnionEntranceDate","Country"
"eventDate","Place"
"eventDescription","HistoricPlace"
"executiveHeadteacher","School"
"expedition","Person"
"explorer","Galaxy"
"externalOrnament","Person"
"extinctionYear","Species"
"eyeColor","Person"
"eyeColour","Person"
"eyes","FictionalCharacter"
"faaLocationIdentifier","Airport"
"facilityId","RadioStation"
"facultySize","EducationalInstitution"
"family","Species"
"familyMember","Family"
"fansgroup","SoccerClub"
"fareZone","Station"
"fastestDriver","GrandPrix"
"fastestDriverCountry","GrandPrix"
"fastestDriverTeam","GrandPrix"
"fastestLap","FormulaOneRacer"
"fat","Food"
"fate","Company"
"father","Person"
"fauna","Place"
"fc","Cricketer"
"fcRuns","Cricketer"
"feat","Person"
"feature","FictionalCharacter"
"features","ArchitecturalStructure"
"fedCup","Athlete"
"federalState","Settlement"
"federation","Person"
"fees","School"
"fibahof","Athlete"
"field","Artist"
"fight","Boxer"
"fileExtension","File"
"fileSize","Work"
"fileURL","File"
"filename","Work"
"fillingStation","RestArea"
"film","FilmFestival"
"filmAudioType","Film"
"filmColourType","Film"
"filmFareAward","Artist"
"filmNumber","Person"
"filmRuntime","Film"
"filmVersion","WrittenWork"
"finalFlight","Rocket"
"finalLost","TennisPlayer"
"finalLostDouble","TennisPlayer"
"finalLostSingle","TennisPlayer"
"finalLostTeam","Athlete"
"finalPublicationDate","PeriodicalLiterature"
"finalPublicationYear","PeriodicalLiterature"
"fipsCode","PopulatedPlace"
"firstAirDate","Broadcaster"
"firstAppearance","FictionalCharacter"
"firstAscent","Mountain,Volcano"
"firstAscentPerson","Mountain"
"firstAscentYear","Mountain"
"firstBroadcast","Film"
"firstDriver","GrandPrix"
"firstDriverCountry","GrandPrix"
"firstDriverTeam","GrandPrix"
"firstFlight","SpaceShuttle"
"firstFlightEndDate","SpaceShuttle"
"firstFlightStartDate","SpaceShuttle"
"firstGame","SoccerClub"
"firstLaunch","YearInSpaceflight"
"firstLaunchDate","LaunchPad"
"firstLaunchRocket","LaunchPad"
"firstMention","PopulatedPlace"
"firstOlympicEvent","Sport"
"firstProMatch","Athlete"
"firstPublicationDate","WrittenWork"
"firstPublicationYear","PeriodicalLiterature"
"firstPublisher","WrittenWork"
"firstRace","FormulaOneRacer"
"firstWin","FormulaOneRacer"
"firstWinner","Race"
"flagBearer","OlympicResult"
"flagCaption","Flag"
"flagSize","Flag"
"flashPoint","ChemicalSubstance"
"floorArea","Building"
"floorCount","Building"
"flora","Place"
"flower","Place"
"flyingHours","MilitaryUnit"
"foalDate","Animal"
"followingEvent","Event"
"foot","Person"
"footedness","Sport"
"foresterDistrict","Place"
"formationDate","Organisation"
"formationYear","Organisation"
"formerBandMember","Band"
"formerBroadcastNetwork","Broadcaster"
"formerCallsign","Broadcaster"
"formerChannel","Broadcaster"
"formerChoreographer","FigureSkater"
"formerCoach","FigureSkater"
"formerHighschool","NationalCollegiateAthleticAssociationAthlete"
"formerPartner","FigureSkater"
"formerTeam","Athlete"
"formula","ChemicalSubstance"
"fossil","Species"
"foundation","PopulatedPlace"
"foundationPlace","Organisation"
"fourthCommander","MilitaryUnit"
"frazioni","Settlement"
"free","FictionalCharacter"
"freeDanseScore","Person"
"freeFlightTime","Spacecraft"
"freeLabel","FictionalCharacter"
"freeProgCompetition","Person"
"freeProgScore","Person"
"freeScoreCompetition","Person"
"frequencyOfPublication","PeriodicalLiterature"
"frequentlyUpdated","Software"
"friend","Person"
"frontierLength","Place"
"frozen","BodyOfWater"
"fuelCapacity","Automobile"
"fuelConsumption","AutomobileEngine"
"fuelSystem","AutomobileEngine"
"fuelType","AutomobileEngine"
"fuelTypeName","PowerStation"
"fullCompetition","Person"
"fullScore","Person"
"functionEndDate","PersonFunction"
"functionEndYear","PersonFunction"
"functionStartDate","PersonFunction"
"functionStartYear","PersonFunction"
"fundedBy","ResearchProject"
"galicianSpeakersDate","Language"
"galicianSpeakersPercentage","Language"
"galleryItem","Document"
"gameArtist","VideoGame"
"gameEngine","VideoGame"
"games","OlympicResult"
"garrison","MilitaryUnit"
"gasChambers","ConcentrationCamp"
"gaudiAward","Artist"
"geminiAward","Actor"
"geneLocation","Gene"
"geneLocationEnd","GeneLocation"
"geneLocationStart","GeneLocation"
"geneReviewsId","Disease"
"geneReviewsName","Disease"
"generalCouncil","Agent"
"generalManager","SportsTeam"
"generationUnits","PowerStation"
"genomeDB","GeneLocation"
"genus","Species"
"geolocDepartment","Settlement"
"geolocDual","Place"
"geologicPeriod","Place"
"giniCoefficient","PopulatedPlace"
"giniCoefficientAsOf","PopulatedPlace"
"giniCoefficientCategory","PopulatedPlace"
"giniCoefficientRanking","PopulatedPlace"
"glycemicIndex","Food"
"gnisCode","PopulatedPlace"
"gnl","PopulatedPlace"
"goalsInLeague","SoccerPlayer"
"goalsInNationalTeam","SoccerPlayer"
"goldMedalDouble","TennisPlayer"
"goldMedalMixed","TennisPlayer"
"goldMedalSingle","TennisPlayer"
"goldMedalist","SportsEvent"
"goldenCalfAward","Actor"
"goldenGlobeAward","Artist"
"goldenRaspberryAward","Actor"
"governingBody","Place"
"government","Island"
"governmentCountry","Island"
"governmentElevation","Island"
"governmentMountain","Island"
"governmentPlace","Island"
"governmentPosition","Island"
"governmentRegion","Island"
"governorate","PopulatedPlace"
"goyaAward","Artist"
"grades","School"
"grammyAward","Artist"
"grandsire","Animal"
"grave","Person"
"grayPage","AnatomicalStructure"
"graySubject","AnatomicalStructure"
"greekName","AnatomicalStructure"
"greenLongDistancePisteNumber","Place"
"greenSkiPisteNumber","Place"
"gridReference","Place"
"grindingCapability","Mill"
"gross","Film"
"grossDomesticProduct","PopulatedPlace"
"grossDomesticProductAsOf","PopulatedPlace"
"grossDomesticProductNominalPerCapita","PopulatedPlace"
"grossDomesticProductPerPeople","Place"
"grossDomesticProductPurchasingPowerParityPerCapita","PopulatedPlace"
"grossDomesticProductRank","Place"
"ground","SoccerClub"
"groundsForLiquidation","Company"
"groupCommemorated","Monument"
"growingGrape","WineRegion"
"guest","TelevisionEpisode"
"gun","Aircraft"
"gymApparatus","Person"
"hairColor","Person"
"hairColour","Person"
"hairs","FictionalCharacter"
"hallOfFame","IceHockeyPlayer"
"hand","Person"
"handedness","Person"
"handisport","Person"
"hasAbsorbedMunicipality","Municipality"
"hasAnnotation","Document"
"hasInsidePlace","Place"
"hasJunctionWith","Canal"
"hasKMLData","File"
"hasNaturalBust","Person"
"hasOutsidePlace","Place"
"head","EducationalInstitution"
"headAlloy","AutomobileEngine"
"headChef","Restaurant"
"headLabel","School"
"headOfFamily","Family"
"headquarter","Organisation"
"headteacher","School"
"heightAboveAverageTerrain","Broadcaster"
"heightAgainst","Athlete"
"heightAttack","Athlete"
"heir","Monarch"
"heisman","Athlete"
"heritageRegister","Place"
"hgncid","Biomolecule"
"highestBreak","SnookerPlayer"
"highestBuildingInYear","Skyscraper"
"highestPoint","Settlement"
"highestPointIsland","Island"
"highestRank","SnookerPlayer"
"highestRegion","Island"
"highestState","Island"
"highwaySystem","Road"
"hipSize","Person"
"historicalMap","Place"
"historicalName","Place"
"historicalRegion","PopulatedPlace"
"hof","Athlete"
"homage","Person"
"homeport","Ship"
"hometown","Agent"
"hopmanCup","Athlete"
"horseRidingDiscipline","Athlete"
"house","Legislature"
"hraState","PopulatedPlace"
"hsvCoordinateHue","Colour"
"hsvCoordinateSaturation","Colour"
"hsvCoordinateValue","Colour"
"hubAirport","Airline"
"humanDevelopmentIndex","PopulatedPlace"
"humanDevelopmentIndexAsOf","PopulatedPlace"
"humanDevelopmentIndexRank","Place"
"humanDevelopmentIndexRankingCategory","PopulatedPlace"
"hybrid","Plant"
"iafdId","Film"
"iataAirlineCode","Airline"
"iataLocationIdentifier","Infrastructure"
"ibdbId","Play"
"icaoAirlineCode","Airline"
"icaoLocationIdentifier","Airport"
"icd1","Disease"
"icd10","Disease"
"icd9","Disease"
"icdo","Disease"
"iconographicAttributes","Saint"
"id","WorldHeritageSite"
"idAllocine","Film"
"idNumber","Person"
"identificationSymbol","MilitaryUnit"
"ideology","Agent"
"iftaAward","Actor"
"iihfHof","Person"
"illiteracy","PopulatedPlace"
"illustrator","WrittenWork"
"impactFactor","AcademicJournal"
"impactFactorAsOf","AcademicJournal"
"imposedDanseCompetition","Person"
"imposedDanseScore","Person"
"inCemetery","GraveMonument"
"inchi","ChemicalCompound"
"inclination","Spacecraft"
"income","PopulatedPlace"
"individualisedPnd","Person"
"industry","Company"
"infantMortality","PopulatedPlace"
"inflow","BodyOfWater"
"information","Place"
"informationName","Place"
"ingredient","Food"
"ingredientName","Food"
"initiallyUsedFor","ArchitecturalStructure"
"inn","ChemicalCompound"
"innervates","Nerve"
"inseeCode","Settlement"
"installedCapacity","PowerStation"
"instrument","Artist"
"interest","SiteOfSpecialScientificInterest"
"internationalAffiliation","PoliticalParty"
"internationalPhonePrefix","PopulatedPlace"
"internationalPhonePrefixLabel","PopulatedPlace"
"internationally","Company"
"introduced","Beverage"
"introductionDate","MeanOfTransportation"
"iobdbId","Play"
"isCityState","Settlement"
"isHandicappedAccessible","Station"
"isPartOfAnatomicalStructure","Brain"
"isPartOfMilitaryConflict","MilitaryConflict"
"isPartOfWineRegion","WineRegion"
"isPeerReviewed","AcademicJournal"
"isRouteStop","Place"
"isbn","WrittenWork"
"isil","Library"
"island","BodyOfWater"
"iso31661Code","Place"
"iso6391Code","Language"
"iso6392Code","Language"
"iso6393Code","Language"
"isoCode","Place"
"isoCodeRegion","Settlement"
"issDockings","SpaceShuttle"
"issn","PeriodicalLiterature"
"ist","PopulatedPlace"
"istat","PopulatedPlace"
"ithfDate","Athlete"
"iucnCategory","ProtectedArea"
"iupacName","Drug"
"jockey","RaceHorse"
"jointCommunity","Settlement"
"jstor","AcademicJournal"
"judge","LegalCase"
"juniorSeason","Agent"
"juniorTeam","Athlete"
"juniorYearsEndYear","Person"
"juniorYearsStartYear","Person"
"jutsu","Person"
"khlDraft","IceHockeyPlayer"
"khlDraftTeam","IceHockeyPlayer"
"khlDraftYear","IceHockeyPlayer"
"killedBy","Person"
"kindOfCoordinate","Place"
"kindOfCriminal","Criminal"
"kindOfCriminalAction","Criminal"
"kindOfRock","Place"
"kingdom","Species"
"ko","Boxer"
"lahHof","Person"
"lake","Place"
"land","Place"
"landArea","Place"
"landPercentage","Place"
"landRegistryCode","Settlement"
"landeshauptmann","AdministrativeRegion"
"landingDate","SpaceMission"
"landingSite","SpaceMission"
"landingVehicle","SpaceMission"
"landskap","NorwaySettlement"
"landtag","AdministrativeRegion"
"landtagMandate","AdministrativeRegion"
"languageCode","Language"
"languageFamily","Language"
"largestCity","PopulatedPlace"
"largestMetro","Settlement"
"largestSettlement","PopulatedPlace"
"largestWin","SoccerClub"
"lastAirDate","Broadcaster"
"lastAppearance","FictionalCharacter"
"lastElectionDate","Legislature"
"lastFamilyMember","Family"
"lastFlight","SpaceShuttle"
"lastFlightEndDate","SpaceShuttle"
"lastFlightStartDate","SpaceShuttle"
"lastLaunch","YearInSpaceflight"
"lastLaunchDate","LaunchPad"
"lastLaunchRocket","LaunchPad"
"lastPosition","FormulaOneRacer"
"lastProMatch","Athlete"
"lastPublicationDate","WrittenWork"
"lastRace","FormulaOneRacer"
"lastSeason","FormulaOneRacer"
"lastWin","FormulaOneRacer"
"laterality","Athlete"
"latestElection","PopulatedPlace"
"latestPreviewDate","Software"
"latestPreviewVersion","Software"
"latestReleaseDate","Software"
"latestReleaseVersion","Software"
"latinName","AnatomicalStructure"
"launch","Spacecraft"
"launchDate","SpaceMission"
"launchPad","SpaceMission"
"launchSite","SpaceMission"
"launchVehicle","SpaceMission"
"launches","LaunchPad"
"laurenceOlivierAward","Actor"
"lawCountry","Place"
"layingDown","Ship"
"layout","Automobile"
"lcc","WrittenWork"
"lccn","WrittenWork"
"lchfDraft","IceHockeyPlayer"
"lchfDraftTeam","IceHockeyPlayer"
"lchfDraftYear","IceHockeyPlayer"
"leadTeam","Athlete,_CareerStation"
"leadYear","Athlete,_CareerStation"
"leaderFunction","Organisation"
"leaderName","PopulatedPlace"
"leaderParty","PopulatedPlace"
"leaderTitle","PopulatedPlace"
"leadership","Person"
"leagueManager","Person"
"leftChild","Island"
"leftTributary","River"
"legalArrondissement","BelgiumSettlement"
"legalArticle","LegalCase"
"legalForm","Organisation"
"legislativePeriodName","Legislature"
"lengthQuote","Place"
"lengthReference","RouteOfTransportation"
"lethalOnChickens","ChemicalSubstance"
"lethalOnMice","ChemicalSubstance"
"lethalOnRabbits","ChemicalSubstance"
"lethalOnRats","ChemicalSubstance"
"liberationDate","ConcentrationCamp"
"libretto","Opera"
"licenceLetter","GermanSettlement"
"licenceNumber","PopulatedPlace"
"licenceNumberLabel","PopulatedPlace"
"license","Work"
"lieutenancy","PopulatedPlace"
"lieutenancyArea","PopulatedPlace"
"lifeExpectancy","PopulatedPlace"
"limit","Place"
"lineLength","RouteOfTransportation"
"linguisticsTradition","Person"
"linkedSpace","Place"
"linkedTo","SkiResort"
"literaryGenre","WrittenWork"
"littlePoolRecord","Person"
"livingPlace","Person"
"loadLimit","Bridge"
"localPhonePrefix","PopulatedPlace"
"locality","Settlement"
"localization","Island"
"localizationThumbnail","PopulatedPlace"
"localizationThumbnailCaption","PopulatedPlace"
"locatedInArea","Place"
"locationCity","Organisation"
"locationIdentifier","Airport"
"locomotive","Train"
"locusSupplementaryData","Protein"
"longDistancePisteKilometre","Place"
"longDistancePisteNumber","Place"
"longtype","Album"
"lounge","Airline"
"lowerAge","School"
"lowerEarthOrbitPayload","Rocket"
"lowest","Place"
"lowestMountain","Place"
"lowestPlace","Place"
"lowestPoint","Settlement"
"lowestPosition","Place"
"lowestRegion","Island"
"lowestState","Island"
"lunarEvaTime","SpaceMission"
"lunarLandingSite","SpaceMission"
"lunarModule","SpaceMission"
"lunarOrbitTime","SpaceMission"
"lunarRover","SpaceMission"
"lunarSampleMass","SpaceMission"
"lunarSurfaceTime","SpaceMission"
"lymph","AnatomicalStructure"
"lyrics","MusicalWork"
"magazine","WrittenWork"
"maidenFlight","Rocket"
"maidenFlightRocket","YearInSpaceflight"
"maidenVoyage","Ship"
"mainBuilding","Shrine"
"mainCharacter","Work"
"mainDomain","Person"
"mainFamilyBranch","NobleFamily"
"mainIsland","Place"
"mainIslands","Island"
"mainOrgan","Organisation"
"mainspan","Bridge"
"maintainedBy","ArchitecturalStructure"
"majorIsland","Island"
"majorShrine","Saint"
"makeupArtist","Film"
"managementCountry","Island"
"managementRegion","Island"
"manager","SportsTeam"
"managerClub","Athlete"
"managerSeason","Agent"
"managerTitle","SoccerClub"
"managerYears","SoccerPlayer"
"managingEditor","Newspaper"
"map","Place"
"mapCaption","Place"
"mapDescription","Place"
"march","MilitaryUnit"
"marketCapitalisation","Company"
"massif","SkiResort"
"mastersWins","Person"
"matchPoint","Person"
"material","Island"
"maxAbsoluteMagnitude","CelestialBody"
"maxApparentMagnitude","CelestialBody"
"maxTime","Food"
"maximumArea","Place"
"maximumAreaQuote","Place"
"maximumBoatBeam","Canal"
"maximumBoatLength","Canal"
"maximumDepth","Place"
"maximumDepthQuote","Place"
"maximumElevation","Place"
"maximumInclination","LaunchPad"
"maximumTemperature","Planet"
"mayorArticle","Place"
"mayorFunction","SwitzerlandSettlement"
"mayorMandate","Mayor"
"mayorTitle","HungarySettlement"
"meanRadius","Planet"
"meanTemperature","Planet"
"measurements","Person"
"medalist","SportsEvent"
"media","Person"
"mediaType","WrittenWork"
"medlinePlus","Disease"
"meetingBuilding","Legislature"
"meetingCity","Legislature"
"meetingRoad","RoadJunction"
"member","Person"
"membership","Organisation"
"membershipAsOf","Organisation,_Parish"
"mentor","Artist"
"mergedIntoParty","PoliticalParty"
"mergedSettlement","Settlement"
"mergerDate","Place"
"meshId","Disease"
"meshName","AnatomicalStructure"
"meshNumber","AnatomicalStructure"
"messierName","CelestialBody"
"metropolitanBorough","PopulatedPlace"
"mgiid","Biomolecule"
"militaryBranch","MilitaryPerson"
"militaryCommand","MilitaryPerson"
"militaryFunction","MilitaryPerson"
"militaryRank","MilitaryPerson"
"militaryUnit","MilitaryPerson"
"millSpan","Mill"
"millType","Mill"
"millsCodeBE","Mill"
"millsCodeDutch","Mill"
"millsCodeNL","Mill"
"millsCodeNLVerdwenen","Mill"
"millsCodeNLWindmotoren","Mill"
"minTime","Food"
"minimumArea","Place"
"minimumAreaQuote","Place"
"minimumElevation","Place"
"minimumInclination","LaunchPad"
"minimumTemperature","Planet"
"minority","Settlement"
"mirDockings","SpaceShuttle"
"missionDuration","SpaceMission"
"missions","SpaceShuttle"
"model","Sales"
"modelEndDate","MeanOfTransportation"
"modelEndYear","MeanOfTransportation"
"modelLineVehicle","MeanOfTransportation"
"modelStartDate","MeanOfTransportation"
"modelStartYear","MeanOfTransportation"
"molecularWeight","ChemicalSubstance"
"mood","Person"
"mostDownPoint","NorwaySettlement"
"mostWins","Race"
"mother","Person"
"mount","Person"
"mountainRange","Mountain"
"mouthCountry","River"
"mouthDistrict","River"
"mouthMountain","River"
"mouthPlace","River"
"mouthPosition","River"
"mouthRegion","River"
"mouthState","River"
"movement","Artist"
"movie","Person"
"mukhtar","LebanonSettlement"
"municipalityAbsorbedBy","FormerMunicipality"
"municipalityCode","Place"
"municipalityRenamedTo","Municipality"
"municipalityType","Municipality"
"museum","Artwork"
"museumType","Museum"
"musicBand","MusicalArtist"
"musicBy","Musical"
"musicComposer","Work"
"musicFormat","Album"
"musicFusionGenre","MusicGenre"
"musicSubgenre","MusicGenre"
"musicType","MusicalWork"
"musicalArtist","Single"
"musicalBand","Single"
"musicalKey","MusicalWork"
"musicians","Instrument"
"muteCharacterInPlay","Play"
"mvp","Athlete"
"mythology","MythologicalFigure"
"naacpImageAward","Actor"
"nameDay","GivenName"
"namedByLanguage","Place"
"names","Openswarm"
"narrator","Work"
"nation","PopulatedPlace"
"nationalAffiliation","PoliticalParty"
"nationalChampionship","Athlete"
"nationalFilmAward","Actor"
"nationalOlympicCommittee","OlympicResult"
"nationalRanking","School"
"nationalSelection","Agent"
"nationalTeam","Athlete"
"nationalTeamMatchPoint","Person"
"nationalTeamYear","Person"
"nationalTopographicSystemMapNumber","Place"
"nationalTournament","Person"
"nationalTournamentBronze","Person"
"nationalTournamentGold","Person"
"nationalTournamentSilver","Person"
"nationalYears","SoccerPlayer"
"nationality","Person"
"ncaaSeason","Athlete"
"ncaaTeam","Athlete"
"ncbhof","Athlete"
"nearestCity","Place"
"neighboringMunicipality","PopulatedPlace"
"neighbourConstellations","Constellation"
"neighbourRegion","Place"
"neighbourhood","HungarySettlement"
"nerve","AnatomicalStructure"
"netIncome","Company"
"network","Broadcaster"
"networth","Person"
"newspaper","Person"
"nextEntity","Place"
"nextEvent","Event"
"nextMission","SpaceMission"
"nflCode","Athlete"
"nflSeason","Athlete"
"nflTeam","Athlete"
"ngcName","CelestialBody"
"nisCode","PopulatedPlace"
"nndbId","Person"
"noContest","Boxer"
"nobelLaureates","School"
"nonFictionSubject","WrittenWork"
"nonProfessionalCareer","Person"
"northEastPlace","Place"
"northPlace","Place"
"northWestPlace","Place"
"notSolubleIn","ChemicalSubstance"
"notableCommander","MilitaryUnit"
"notableFeatures","Galaxy"
"notableIdea","Person"
"notableStudent","Scientist"
"notableWine","Grape"
"note","AutomobileEngine"
"noteOnPlaceOfBurial","MilitaryPerson"
"noteOnRestingPlace","Person"
"notifyDate","SiteOfSpecialScientificInterest"
"novel","FictionalCharacter"
"nrhpReferenceNumber","HistoricPlace"
"nrhpType","HistoricPlace"
"nssdcId","SpaceStation"
"numberBuilt","Aircraft"
"numberOfAcademicStaff","EducationalInstitution"
"numberOfAlbums","MusicalArtist"
"numberOfArrondissement","Department"
"numberOfBombs","Aircraft"
"numberOfBronzeMedalsWon","SportCompetitionResult"
"numberOfCanton","Department"
"numberOfCantons","PopulatedPlace"
"numberOfCapitalDeputies","PopulatedPlace"
"numberOfCity","Continent"
"numberOfClassrooms","School"
"numberOfClubs","Activity"
"numberOfCollectionItems","Library"
"numberOfCompetitors","OlympicResult"
"numberOfCounties","PopulatedPlace"
"numberOfCountries","AdministrativeRegion"
"numberOfCrew","MeanOfTransportation"
"numberOfDeaths","ConcentrationCamp"
"numberOfDependency","Continent"
"numberOfDistrict","Department"
"numberOfDistricts","Regency"
"numberOfDoctoralStudents","University"
"numberOfEmployees","Organisation"
"numberOfEntrances","Cave"
"numberOfEpisodes","TelevisionShow"
"numberOfFederalDeputies","PopulatedPlace"
"numberOfFilms","AdultActor"
"numberOfGoals","CareerStation"
"numberOfGoldMedalsWon","SportCompetitionResult"
"numberOfGraduateStudents","EducationalInstitution"
"numberOfGraves","Cemetery"
"numberOfHoles","GolfCourse"
"numberOfHouses","ProtectedArea"
"numberOfIntercommunality","Department"
"numberOfIsland","Place"
"numberOfIslands","Island"
"numberOfLanes","RouteOfTransportation"
"numberOfLaps","FormulaOneRacing"
"numberOfLaunches","MeanOfTransportation"
"numberOfLawyers","LawFirm"
"numberOfLines","PublicTransitSystem"
"numberOfLiveAlbums","MusicalArtist"
"numberOfLocations","Organisation"
"numberOfMatches","CareerStation"
"numberOfMembers","Legislature"
"numberOfMembersAsOf","PoliticalParty"
"numberOfMinistries","Country"
"numberOfMunicipalities","PopulatedPlace"
"numberOfNeighbourhood","GermanSettlement"
"numberOfNewlyIntroducedSports","Olympics"
"numberOfOffices","LawFirm"
"numberOfOfficials","OlympicResult"
"numberOfOrbits","SpaceMission"
"numberOfPads","LaunchPad"
"numberOfPages","WrittenWork"
"numberOfParkingSpaces","Hotel"
"numberOfParticipatingAthletes","Olympics"
"numberOfParticipatingFemaleAthletes","Olympics"
"numberOfParticipatingMaleAthletes","Olympics"
"numberOfParticipatingNations","Olympics"
"numberOfPeopleAttending","Event"
"numberOfPeopleLicensed","Activity"
"numberOfPiersInWater","Bridge"
"numberOfPlatformLevels","Station"
"numberOfPlayers","Activity"
"numberOfPostgraduateStudents","University"
"numberOfProfessionals","Activity"
"numberOfReactors","NuclearPowerStation"
"numberOfRestaurants","Hotel"
"numberOfRockets","Aircraft"
"numberOfRooms","Hotel"
"numberOfRun","Person"
"numberOfSeasons","TelevisionShow"
"numberOfSeats","MeanOfTransportation"
"numberOfSeatsInParliament","PoliticalParty"
"numberOfSettlement","Department"
"numberOfSilverMedalsWon","SportCompetitionResult"
"numberOfSpans","Bridge"
"numberOfSpeakers","Language"
"numberOfStaff","Organisation"
"numberOfStars","Constellation"
"numberOfStateDeputies","PopulatedPlace"
"numberOfStations","RouteOfTransportation"
"numberOfStudents","EducationalInstitution"
"numberOfStudioAlbums","MusicalArtist"
"numberOfSuites","Hotel"
"numberOfTeams","SportsLeague"
"numberOfTracks","Infrastructure"
"numberOfTurns","RaceTrack"
"numberOfUndergraduateStudents","EducationalInstitution"
"numberOfVehicles","PublicTransitSystem"
"numberOfVillages","District"
"numberOfVineyards","WineRegion"
"numberOfVisitorsAsOf","HistoricPlace"
"numberOfVolumes","WrittenWork"
"numberOfVolunteers","Organisation"
"numberOfWineries","WineRegion"
"numberSold","Sales"
"nutsCode","Place"
"observatory","Island"
"oclc","WrittenWork"
"offeredClasses","School"
"officerInCharge","University"
"officialLanguage","PopulatedPlace"
"officialName","Settlement"
"officialOpenedBy","Olympics"
"officialSchoolColour","EducationalInstitution"
"ofsCode","Settlement"
"oilSystem","AutomobileEngine"
"okatoCode","PopulatedPlace"
"oldDistrict","PopulatedPlace"
"oldName","PopulatedPlace"
"oldProvince","PopulatedPlace"
"oldTeamCoached","Athlete"
"oldcode","OlympicResult"
"olivierAward","Comedian"
"olympicGames","Person"
"olympicGamesBronze","Person"
"olympicGamesGold","Person"
"olympicGamesSilver","Person"
"olympicGamesWins","Person"
"olympicOathSwornBy","Olympics"
"olympicOathSwornByAthlete","Olympics"
"olympicOathSwornByJudge","Olympics"
"omim","Biomolecule"
"onChromosome","GeneLocation"
"ons","Settlement"
"openAccessContent","PeriodicalLiterature"
"openingFilm","FilmFestival"
"openingTheme","TelevisionShow"
"operatingIncome","Company"
"operatingSystem","Software"
"opponent","Person"
"opponents","MilitaryConflict"
"orbitalEccentricity","CelestialBody"
"orbitalFlights","YearInSpaceflight"
"orbitalInclination","SpaceMission"
"orbitalPeriod","Planet"
"order","Species"
"orderDate","Ship"
"ordination","Priest"
"organ","ReligiousBuilding"
"organSystem","AnatomicalStructure"
"organisationMember","Organisation"
"orientation","Person"
"originalDanseCompetition","Person"
"originalDanseScore","Person"
"originalEndPoint","Canal"
"originalLanguage","Work"
"originalMaximumBoatBeam","Canal"
"originalMaximumBoatLength","Canal"
"originalStartPoint","Canal"
"originalTitle","Work"
"origo","Muscle"
"orthologousGene","Gene"
"other","University"
"otherActivity","Person"
"otherAppearances","OlympicResult"
"otherChannel","Broadcaster"
"otherFamilyBranch","NobleFamily"
"otherFuelType","PowerStation"
"otherFunction","Person"
"otherInformation","Settlement"
"otherLanguage","Settlement"
"otherMedia","Person"
"otherName","PopulatedPlace"
"otherOccupation","Person"
"otherParty","OfficeHolder"
"otherServingLines","Station"
"otherSportsExperience","Athlete"
"otherWins","SnookerPlayer"
"outflow","BodyOfWater"
"output","Place"
"outskirts","PopulatedPlace"
"overallRecord","CollegeCoach"
"oversight","School"
"owns","Agent"
"painter","Artwork"
"parent","Person"
"parentMountainPeak","Mountain"
"parentOrganisation","Organisation"
"parish","PopulatedPlace"
"parkingInformation","Station"
"parkingLotsCars","RestArea"
"parkingLotsTrucks","RestArea"
"parliament","Place"
"parliamentType","Place"
"parliamentaryGroup","Person"
"participant","Event"
"participatingIn","MemberResistanceMovement"
"particularSign","Person"
"partner","Person"
"passengersPerDay","Infrastructure"
"passengersPerYear","Infrastructure"
"passengersUsedSystem","Station"
"pastor","HistoricBuilding"
"patent","Person"
"patron","MilitaryUnit"
"patronSaint","Settlement"
"pdb","Protein"
"peabodyAward","Comedian"
"penaltiesTeamA","PenaltyShootOut"
"penaltiesTeamB","PenaltyShootOut"
"penaltyScore","PenaltyShootOut"
"penisLength","Person"
"peopleName","PopulatedPlace"
"perCapitaIncome","PopulatedPlace"
"perCapitaIncomeAsOf","PopulatedPlace"
"perCapitaIncomeRank","PopulatedPlace"
"percentageAlcohol","Beverage"
"percentageFat","Food"
"percentageLiteracyMen","PopulatedPlace"
"percentageLiteracyWomen","PopulatedPlace"
"percentageLiterate","PopulatedPlace"
"performer","FictionalCharacter"
"periapsis","CelestialBody"
"perifocus","CelestialBody"
"perimeter","Place"
"person","PersonFunction"
"personFunction","Person"
"personName","PersonFunction"
"pgaWins","Person"
"philosophicalSchool","Person"
"phonePrefix","PopulatedPlace"
"phonePrefixLabel","Settlement"
"photographer","TelevisionEpisode"
"phylum","Species"
"pictureFormat","Broadcaster"
"piercing","Person"
"pisciculturalPopulation","Place"
"pistonStroke","AutomobileEngine"
"place","MilitaryConflict"
"placeOfBurial","Person"
"placeOfWorship","ClericalAdministrativeRegion"
"plant","Place"
"playerInTeam","SportsTeam"
"playerSeason","Agent"
"playerStatus","Person"
"plays","TennisPlayer"
"pluviometry","PopulatedPlace"
"podium","Person"
"podiums","FormulaOneRacer"
"poleDriver","GrandPrix"
"poleDriverCountry","GrandPrix"
"poleDriverTeam","GrandPrix"
"polePosition","Person"
"poles","FormulaOneRacer"
"policeName","PopulatedPlace"
"polishFilmAward","Artist"
"politicGovernmentDepartment","PopulatedPlace"
"politicalFunction","Person"
"politicalLeader","Place"
"politicalMajority","Settlement"
"politicalPartyInLegislature","Legislature"
"politicalPartyOfLeader","Legislature"
"politicalSeats","Settlement"
"popularVote","Election"
"population","PopulatedPlace"
"populationAsOf","PopulatedPlace"
"populationDensity","PopulatedPlace"
"populationMetro","PopulatedPlace"
"populationMetroDensity","PopulatedPlace"
"populationPctChildren","PopulatedPlace"
"populationPctMen","PopulatedPlace"
"populationPctWomen","PopulatedPlace"
"populationPlace","EthnicGroup"
"populationQuote","Place"
"populationRural","PopulatedPlace"
"populationRuralDensity","PopulatedPlace"
"populationTotalRanking","PopulatedPlace"
"populationTotalReference","Settlement"
"populationUrban","PopulatedPlace"
"populationUrbanDensity","PopulatedPlace"
"populationYear","PopulatedPlace"
"portrayer","FictionalCharacter"
"power","FictionalCharacter"
"powerOutput","AutomobileEngine"
"powerType","MeanOfTransportation"
"precursor","AnatomicalStructure"
"prefaceBy","WrittenWork"
"prefect","Politician"
"prefectMandate","RomaniaSettlement"
"prefecture","Department"
"premiereDate","Play"
"premierePlace","Play"
"premiereYear","Play"
"presentMunicipality","FormerMunicipality"
"presentName","FormerMunicipality"
"presenter","TelevisionShow"
"president","Organisation"
"presidentGeneralCouncil","TermOfOffice"
"presidentGeneralCouncilMandate","Place"
"presidentRegionalCouncil","TermOfOffice"
"presidentRegionalCouncilMandate","Place"
"previousDemographics","PopulatedPlace"
"previousEditor","Magazine"
"previousEntity","Place"
"previousEvent","Event"
"previousInfrastructure","Infrastructure"
"previousMission","SpaceMission"
"previousName","PopulatedPlace"
"previousPopulation","PopulatedPlace"
"previousPopulationTotal","PopulatedPlace"
"previousWork","Work"
"primaryFuelType","PowerStation"
"primate","ChristianDoctrine"
"primogenitor","Family"
"principal","EducationalInstitution"
"principalArea","PopulatedPlace"
"principalEngineer","Canal"
"proPeriod","Person"
"proSince","Person"
"proTeam","Athlete,_CareerStation"
"proYear","Athlete,_CareerStation"
"probowlPick","Athlete"
"procedure","Case"
"producedBy","Film"
"producer","Work"
"product","Organisation"
"productShape","Food"
"production","Company"
"productionCompany","Work"
"productionYears","Aircraft"
"profession","Person"
"programCost","Aircraft"
"programmeFormat","Broadcaster"
"programmingLanguage","Software"
"project","Person"
"projectBudgetFunding","ResearchProject"
"projectBudgetTotal","ResearchProject"
"projectCoordinator","ResearchProject"
"projectEndDate","Project"
"projectKeyword","Project"
"projectObjective","Project"
"projectParticipant","ResearchProject"
"projectReferenceID","ResearchProject"
"projectStartDate","Project"
"projectType","ResearchProject"
"promotion","WrestlingEvent"
"prospectLeague","IceHockeyPlayer"
"prospectTeam","IceHockeyPlayer"
"protectionStatus","Place"
"protein","Food"
"protestantPercentage","PopulatedPlace"
"provCode","Settlement"
"province","Place"
"provinceIsoCode","PopulatedPlace"
"provinceLink","Place"
"provost","University"
"pseudonym","Person"
"pubchem","ChemicalSubstance"
"publication","Person"
"publisher","Work"
"purchasingPowerParity","PopulatedPlace"
"purchasingPowerParityRank","PopulatedPlace"
"purchasingPowerParityYear","PopulatedPlace"
"qatarClassic","Athlete"
"quebecerTitle","Film"
"quote","Place"
"ra","Openswarm"
"raceLength","FormulaOneRacing"
"raceResult","Race"
"raceTrack","SportsEvent"
"raceWins","Person"
"races","FormulaOneRacer"
"racketCatching","TennisPlayer"
"radio","Person"
"radioStation","RadioStation"
"radius_ly","Globularswarm"
"railGauge","RouteOfTransportation"
"railwayLineUsingTunnel","RailwayTunnel"
"railwayPlatforms","Station"
"railwayRollingStock","RouteOfTransportation"
"range","MeanOfTransportation_,_Instrument"
"rankAgreement","Place"
"rankArea","PopulatedPlace"
"rankInFinalMedalCount","OlympicResult"
"rankPopulation","PopulatedPlace"
"ranking","School"
"rankingWins","SnookerPlayer"
"rankingsDoubles","TennisPlayer"
"rankingsSingles","TennisPlayer"
"rebuilder","MeanOfTransportation"
"rebuildingDate","ArchitecturalStructure"
"rebuildingYear","ArchitecturalStructure"
"recentWinner","Race"
"recommissioningDate","Ship"
"recordDate","MusicalWork"
"recordedIn","MusicalWork"
"rector","EducationalInstitution"
"redListIdNL","Species"
"redLongDistancePisteNumber","Place"
"redSkiPisteNumber","Place"
"redline","AutomobileEngine"
"refcul","Place"
"reference","Reference"
"reffBourgmestre","Settlement"
"refgen","Place"
"refgeo","Place"
"refpol","Place"
"refseq","Protein"
"refseqmrna","Biomolecule"
"refseqprotein","Biomolecule"
"regency","Place"
"regentOf","Monarch"
"regime","Spacecraft"
"regionLink","Place"
"regionServed","Organisation"
"regionType","Place"
"regionalCouncil","Agent"
"regionalLanguage","PopulatedPlace"
"regionalPrefecture","Place"
"registration","Company"
"registryNumber","Document"
"reign","Person"
"reignName","Person"
"reigningPope","Cleric"
"relatedFunctions","Person"
"relatedMeanOfTransportation","MeanOfTransportation"
"relatedPlaces","Place"
"relation","Person"
"relative","Person"
"relativeAtomicMass","ChemicalElement"
"releaseLocation","Work"
"relics","ReligiousBuilding"
"relief","Place"
"religiousHead","School"
"religiousHeadLabel","School"
"religiousOrder","Monastry"
"reopened","School"
"reopeningDate","ArchitecturalStructure"
"reopeningYear","ArchitecturalStructure"
"reportingMark","PublicTransitSystem"
"representative","Place"
"reservations","Restaurant"
"residence","Person"
"resolution","Software"
"restingDate","Person"
"restingPlace","Person"
"restingPlacePosition","Person"
"result","MilitaryConflict"
"retentionTime","Place"
"retiredRocket","YearInSpaceflight"
"retirementDate","Person"
"revenue","Organisation"
"review","Album"
"rgbCoordinateBlue","Colour"
"rgbCoordinateGreen","Colour"
"rgbCoordinateRed","Colour"
"rightAscension","CelestialBody"
"rightChild","Island"
"rightTributary","River"
"rival","School"
"river","Place"
"riverBranch","River"
"riverBranchOf","River"
"riverMouth","River"
"road","Infrastructure"
"rocket","Spacecraft"
"rocketFunction","Rocket"
"rocketStages","Rocket"
"rolandGarrosDouble","TennisPlayer"
"rolandGarrosMixed","TennisPlayer"
"rolandGarrosSingle","TennisPlayer"
"roleInEvent","Agent"
"roofHeight","Skyscraper"
"rotationPeriod","Planet"
"route","Place"
"routeActivity","RouteStop"
"routeDirection","RouteOfTransportation"
"routeEnd","RouteOfTransportation"
"routeEndDirection","RouteOfTransportation"
"routeEndLocation","RouteOfTransportation"
"routeJunction","RouteOfTransportation"
"routeLine","RouteStop"
"routeNext","RouteStop"
"routeNumber","RouteOfTransportation"
"routePrevious","RouteStop"
"routeStart","RouteOfTransportation"
"routeStartDirection","RouteOfTransportation"
"routeStartLocation","RouteOfTransportation"
"routeTypeAbbreviation","RouteOfTransportation"
"ruling","LegalCase"
"runtime","Work"
"runwayDesignation","Airport"
"runwayLength","Airport"
"runwaySurface","Airport"
"runwayWidth","Airport"
"ruralMunicipality","Road"
"saint","PopulatedPlace"
"salary","Person"
"sameName","Settlement"
"satScore","School"
"satellite","Planet"
"satellitesDeployed","SpaceShuttle"
"scale","Place"
"scene","Person"
"school","Person"
"schoolBoard","School"
"schoolCode","School"
"schoolNumber","School"
"schoolPatron","School"
"scientificName","Species"
"screenActorsGuildAward","Actor"
"sea","Place"
"season","Agent"
"seasonManager","Person"
"seasonNumber","TelevisionEpisode"
"seatNumber","AdministrativeRegion"
"seatingCapacity","Building"
"second","Person"
"secondCommander","MilitaryUnit"
"secondDriver","GrandPrix"
"secondDriverCountry","GrandPrix"
"secondTeam","GrandPrix"
"secretaryGeneral","Organisation"
"security","Building"
"seiyu","Person"
"selection","Astronaut"
"selectionPoint","Athlete"
"selectionYear","Athlete"
"senior","PopulatedPlace"
"seniunija","PopulatedPlace"
"sentence","Person"
"service","Company"
"serviceEndDate","MilitaryPerson"
"serviceEndYear","MilitaryPerson"
"serviceModule","SpaceMission"
"serviceNumber","MilitaryPerson"
"serviceStartDate","MilitaryPerson"
"serviceStartYear","MilitaryPerson"
"servingRailwayLine","Station"
"servingSize","Food"
"servingTemperature","Food"
"setDesigner","Film"
"settingOfPlay","Play"
"settlement","Place"
"settlementAttached","Settlement"
"sex","Person"
"sexualOrientation","Person"
"shape","Intercommunality"
"shareDate","Broadcaster"
"shareOfAudience","Broadcaster"
"shareSource","Broadcaster"
"sharingOutPopulation","PopulatedPlace"
"sharingOutPopulationYear","PopulatedPlace"
"sheading","PopulatedPlace"
"shipBeam","Ship"
"shipCrew","Ship"
"shipDisplacement","Ship"
"shipDraft","Ship"
"shipLaunch","Ship"
"shoeNumber","Person"
"shoeSize","Person"
"shoot","Person"
"shoots","IceHockeyPlayer"
"shoreLength","BodyOfWater"
"shortProgCompetition","Person"
"shortProgScore","Person"
"showJudge","TelevisionShow"
"shuttle","SpaceMission"
"sibling","Person"
"signName","HungarySettlement"
"signature","Person"
"significantBuilding","Architect"
"significantDesign","Architect"
"significantProject","Person"
"silCode","Language"
"silverMedalDouble","TennisPlayer"
"silverMedalMixed","TennisPlayer"
"silverMedalSingle","TennisPlayer"
"silverMedalist","SportsEvent"
"simcCode","PopulatedPlace"
"sire","Animal"
"sisterCollege","College"
"sisterNewspaper","Newspaper"
"sisterStation","Broadcaster"
"sixthFormStudents","School"
"size_v","Openswarm"
"skiLift","Place"
"skiPisteKilometre","Place"
"skiPisteNumber","Place"
"skiTow","Place"
"skinColor","Person"
"smiles","ChemicalCompound"
"snowParkNumber","Place"
"soccerLeaguePromoted","SoccerLeagueSeason"
"soccerLeagueRelegated","SoccerLeagueSeason"
"soccerLeagueSeason","SoccerLeagueSeason"
"soccerLeagueWinner","SoccerLeagueSeason"
"soccerTournamentClosingSeason","SoccerTournament"
"soccerTournamentLastChampion","SoccerTournament"
"soccerTournamentMostSteady","SoccerTournament"
"soccerTournamentMostSuccesfull","SoccerTournament"
"soccerTournamentOpeningSeason","SoccerTournament"
"soccerTournamentThisSeason","SoccerTournament"
"soccerTournamentTopScorer","SoccerTournament"
"solicitorGeneral","LegalCase"
"solubility","ChemicalSubstance"
"solventWithBadSolubility","ChemicalSubstance"
"solventWithGoodSolubility","ChemicalSubstance"
"solventWithMediocreSolubility","ChemicalSubstance"
"sourceConfluence","River"
"sourceConfluenceCountry","River"
"sourceConfluenceMountain","River"
"sourceConfluencePlace","River"
"sourceConfluencePosition","River"
"sourceConfluenceRegion","River"
"sourceConfluenceState","River"
"sourceCountry","Stream"
"southEastPlace","Place"
"southPlace","Place"
"southWestPlace","Place"
"sovereignCountry","Place"
"space","Building"
"spacecraft","SpaceMission"
"spacestation","SpaceMission"
"spacewalkBegin","SpaceMission"
"spacewalkEnd","SpaceMission"
"specialEffects","Film"
"specialTrial","Person"
"specialist","School"
"speciality","Person"
"species","Species"
"speedLimit","RouteOfTransportation"
"spike","VolleyballPlayer"
"splitFromParty","PoliticalParty"
"spokenIn","Language"
"spokesperson","PoliticalParty"
"sportCountry","Athlete"
"sportDiscipline","Person"
"sportSpecialty","Athlete"
"sportsFunction","Person"
"spouse","Person"
"spouseName","Person"
"spurOf","Road"
"spurType","Road"
"squadNumber","SportsTeamMember"
"staff","EducationalInstitution"
"starRating","Hotel"
"starring","Work"
"start","Person"
"startCareer","Person"
"startDate","Event"
"startDateTime","Event"
"startPoint","Canal"
"startReign","Person"
"startWct","Person"
"startWqs","Person"
"startYearOfInsertion","AutomobileEngine"
"startYearOfSales","Sales"
"stateOfOrigin","Person"
"stateOfOriginPoint","Athlete"
"stateOfOriginTeam","Athlete"
"stateOfOriginYear","Athlete"
"stationEvaDuration","SpaceMission"
"stationStructure","Station"
"stationVisitDuration","SpaceMission"
"statistic","Statistic"
"statisticLabel","BaseballPlayer"
"statisticValue","BaseballPlayer"
"statisticYear","BaseballPlayer"
"statusManager","Person"
"statusYear","Place"
"stellarClassification","CelestialBody"
"stockExchange","Company"
"storyEditor","TelevisionShow"
"strength","MilitaryConflict"
"structuralSystem","Building"
"student","Person"
"style","Artist"
"stylisticOrigin","MusicGenre"
"subClassis","Species"
"subFamily","Species"
"subGenus","Species"
"subMunicipalityType","SubMunicipality"
"subOrder","Species"
"subPrefecture","Place"
"subTribus","Species"
"subdivision","Place"
"subdivisionLink","Place"
"subdivisionName","Island"
"subdivisions","Place"
"subjectOfPlay","Play"
"subjectTerm","Work"
"suborbitalFlights","YearInSpaceflight"
"subprefecture","Department"
"subregion","Place"
"subsequentInfrastructure","Infrastructure"
"subsequentWork","Work"
"subsidiary","Company"
"subsystem","Place"
"subsystemLink","Place"
"summerAppearances","OlympicResult"
"summerTemperature","Settlement"
"superFamily","Species"
"superOrder","Species"
"superTribus","Species"
"superbowlWin","Athlete"
"superintendent","Organisation"
"supplementalDraftRound","Athlete"
"supplementalDraftYear","GridironFootballPlayer"
"supplies","Artery"
"supply","Place"
"suppreddedDate","Saint"
"surfaceArea","Planet"
"surfaceGravity","Planet"
"swimmingStyle","Swimmer"
"symbol","Biomolecule"
"systemOfLaw","LegalCase"
"targetAirport","Airline"
"targetSpaceStation","Spacecraft"
"taste","Food"
"tattoo","Person"
"taxon","Species"
"teachingStaff","School"
"teamCoached","Athlete"
"teamManager","Person"
"teamName","School"
"teamPoint","Athlete"
"teamTitle","Athlete"
"technique","Painting"
"tempPlace","ChartsPlacements"
"temple","Person"
"templeYear","Person"
"tenant","ArchitecturalStructure"
"termOfOffice","PopulatedPlace"
"territory","MilitaryConflict,_AdministrativeRegion"
"terytCode","PopulatedPlace"
"tessitura","Person"
"testaverage","School"
"theology","ChristianDoctrine"
"third","Person"
"thirdCommander","MilitaryUnit"
"thirdDriver","GrandPrix"
"thirdDriverCountry","GrandPrix"
"thirdTeam","GrandPrix"
"throwingSide","BaseballPlayer"
"tie","Boxer"
"timeZone","Place"
"timeshiftChannel","TelevisionStation"
"titleDate","Person"
"titleDouble","TennisPlayer"
"titleLanguage","Film"
"titleSingle","TennisPlayer"
"toll","RouteOfTransportation"
"tonyAward","Artist"
"topFloorHeight","Skyscraper"
"topLevelDomain","Country"
"topic","PopulatedPlace"
"torchBearer","Olympics"
"torqueOutput","AutomobileEngine"
"totalCargo","Spacecraft"
"totalDiscs","Album"
"totalMass","Spacecraft"
"totalPopulation","EthnicGroup"
"totalTracks","Album"
"totalTravellers","YearInSpaceflight"
"touristicSite","PopulatedPlace"
"tournamentOfChampions","Athlete"
"tournamentRecord","CollegeCoach"
"towerHeight","Building"
"trackLength","RouteOfTransportation"
"trackNumber","Song"
"trackWidth","RouteOfTransportation"
"trainer","Athlete"
"trainerClub","SoccerPlayer"
"trainerYears","SoccerPlayer"
"training","Artist"
"translator","Work"
"transmission","Automobile"
"tree","Place"
"tribus","Species"
"trustee","Organisation"
"tu","Place"
"tuition","School"
"tvComId","TelevisionShow"
"tvShow","Person"
"twinCountry","Country"
"twinTown","Settlement"
"typeCoordinate","Place"
"typeOfElectrification","RouteOfTransportation"
"typeOfGrain","Food"
"typeOfStorage","Food"
"typeOfYeast","Food"
"uRN","School"
"uciCode","CyclingTeam"
"umbrellaTitle","MultiVolumePublication"
"undraftedYear","GridironFootballPlayer"
"unesco","Place"
"unicode","Letter"
"uniprot","Biomolecule"
"unitCost","Aircraft"
"unitaryAuthority","PopulatedPlace"
"unitedStatesNationalBridgeId","Bridge"
"university","Person"
"unknownOutcomes","Rocket"
"unloCode","Place"
"upperAge","School"
"urbanArea","Settlement"
"usOpenDouble","TennisPlayer"
"usOpenMixed","TennisPlayer"
"usOpenSingle","TennisPlayer"
"usSales","Sales"
"usedInWar","Weapon"
"usingCountry","Currency"
"usopenWins","Person"
"usurper","Person"
"utcOffset","Place"
"v_hb","Globularswarm"
"valvetrain","AutomobileEngine"
"varietals","WineRegion"
"vehicleCode","Place"
"vehiclesPerDay","RouteOfTransportation"
"vein","AnatomicalStructure"
"veneratedIn","Saint"
"version","MeanOfTransportation"
"viceLeader","PopulatedPlace"
"viceLeaderParty","PopulatedPlace"
"vicePrincipal","School"
"vicePrincipalLabel","School"
"victory","Person"
"victoryAsMgr","Person"
"victoryPercentageAsMgr","Person"
"virtualChannel","Broadcaster"
"visitorStatisticsAsOf","ArchitecturalStructure"
"visitorsPerDay","ArchitecturalStructure"
"visitorsPerYear","ArchitecturalStructure"
"visitorsPercentageChange","ArchitecturalStructure"
"visitorsTotal","ArchitecturalStructure"
"voiceType","Artist"
"volcanicActivity","Island"
"volcanicType","Island"
"volcanoId","Island"
"voltageOfElectrification","RouteOfTransportation"
"volumeQuote","Place"
"volumes","MultiVolumePublication"
"vonKlitzingConstant","CelestialBody"
"votesAgainst","StatedResolution"
"votesFor","StatedResolution"
"wagon","Train"
"waistSize","Person"
"war","MilitaryPerson"
"ward","LiechtensteinSettlement"
"water","Place"
"waterArea","Place"
"waterPercentage","Place"
"watercourse","PopulatedPlace"
"watershed","Stream"
"waterwayThroughTunnel","WaterwayTunnel"
"wavelength","Colour"
"weapon","Person"
"weddingParentsDate","Person"
"westPlace","Place"
"whaDraft","IceHockeyPlayer"
"whaDraftTeam","IceHockeyPlayer"
"whaDraftYear","IceHockeyPlayer"
"wheelbase","Automobile"
"wholeArea","Place"
"widthQuote","Place"
"wilaya","Settlement"
"wimbledonDouble","TennisPlayer"
"wimbledonMixed","TennisPlayer"
"wimbledonSingle","TennisPlayer"
"wineProduced","WineRegion"
"wineRegion","Grape"
"wineYear","WineRegion"
"wingArea","Aircraft"
"wingspan","Aircraft"
"wins","Athlete"
"winsAtAlpg","GolfPlayer"
"winsAtAsia","GolfPlayer"
"winsAtAus","GolfPlayer"
"winsAtChallenges","GolfPlayer"
"winsAtChampionships","GolfPlayer"
"winsAtJLPGA","GolfPlayer"
"winsAtJapan","GolfPlayer"
"winsAtKLPGA","GolfPlayer"
"winsAtLAGT","GolfPlayer"
"winsAtLET","GolfPlayer"
"winsAtLPGA","GolfPlayer"
"winsAtMajors","GolfPlayer"
"winsAtNWIDE","GolfPlayer"
"winsAtOtherTournaments","GolfPlayer"
"winsAtPGA","GolfPlayer"
"winsAtProTournaments","GolfPlayer"
"winsAtSenEuro","GolfPlayer"
"winsAtSun","GolfPlayer"
"winsInEurope","GolfPlayer"
"winterAppearances","OlympicResult"
"winterTemperature","Settlement"
"woRMS","Species"
"wordBefore","Country"
"work","FictionalCharacter"
"workArea","Building"
"world","Person"
"worldChampionTitleYear","Athlete"
"worldOpen","Athlete"
"worldTeamCup","Athlete"
"worldTournament","Person"
"worldTournamentBronze","Person"
"worldTournamentGold","Person"
"worldTournamentSilver","Person"
"worstDefeat","SoccerClub"
"wptFinalTable","PokerPlayer"
"wptItm","PokerPlayer"
"wptTitle","PokerPlayer"
"writer","Work"
"wsopItm","PokerPlayer"
"wsopWinYear","PokerPlayer"
"wsopWristband","PokerPlayer"
"yearElevationIntoNobility","NobleFamily"
"yearOfConstruction","Place"
"yearOfElectrification","Station"
"years","SoccerPlayer"
"youthClub","Athlete"
"youthWing","PoliticalParty"
"youthYears","SoccerPlayer"
"zdb","PeriodicalLiterature"
"zipCode","PopulatedPlace"
